<ImportExportXml version="9.2.23123.218" SolutionPackageVersion="9.2" languagecode="1033" generatedBy="CrmLive" xmlns:xsi="http://www.w3.org/2001/XMLSchema-instance">
  <SolutionManifest>
    <UniqueName>MethodsIntranetContentApprovals</UniqueName>
    <LocalizedNames>
      <LocalizedName description="Methods - Intranet Content Approvals " languagecode="1033" />
    </LocalizedNames>
    <Descriptions>
      <Description description="Upgrade of Methods - Intranet Content Approvals" languagecode="1033" />
    </Descriptions>
    <Version>1.1.0.20</Version>
    <Managed>0</Managed>
    <Publisher>
      <UniqueName>Cr45081</UniqueName>
      <LocalizedNames>
        <LocalizedName description="CDS Default Publisher" languagecode="1033" />
      </LocalizedNames>
      <Descriptions />
      <EMailAddress xsi:nil="true"></EMailAddress>
      <SupportingWebsiteUrl xsi:nil="true"></SupportingWebsiteUrl>
      <CustomizationPrefix>cr541</CustomizationPrefix>
      <CustomizationOptionValuePrefix>19389</CustomizationOptionValuePrefix>
      <Addresses>
        <Address>
          <AddressNumber>1</AddressNumber>
          <AddressTypeCode xsi:nil="true"></AddressTypeCode>
          <City xsi:nil="true"></City>
          <County xsi:nil="true"></County>
          <Country xsi:nil="true"></Country>
          <Fax xsi:nil="true"></Fax>
          <FreightTermsCode xsi:nil="true"></FreightTermsCode>
          <ImportSequenceNumber xsi:nil="true"></ImportSequenceNumber>
          <Latitude xsi:nil="true"></Latitude>
          <Line1 xsi:nil="true"></Line1>
          <Line2 xsi:nil="true"></Line2>
          <Line3 xsi:nil="true"></Line3>
          <Longitude xsi:nil="true"></Longitude>
          <Name xsi:nil="true"></Name>
          <PostalCode xsi:nil="true"></PostalCode>
          <PostOfficeBox xsi:nil="true"></PostOfficeBox>
          <PrimaryContactName xsi:nil="true"></PrimaryContactName>
          <ShippingMethodCode xsi:nil="true"></ShippingMethodCode>
          <StateOrProvince xsi:nil="true"></StateOrProvince>
          <Telephone1 xsi:nil="true"></Telephone1>
          <Telephone2 xsi:nil="true"></Telephone2>
          <Telephone3 xsi:nil="true"></Telephone3>
          <TimeZoneRuleVersionNumber xsi:nil="true"></TimeZoneRuleVersionNumber>
          <UPSZone xsi:nil="true"></UPSZone>
          <UTCOffset xsi:nil="true"></UTCOffset>
          <UTCConversionTimeZoneCode xsi:nil="true"></UTCConversionTimeZoneCode>
        </Address>
        <Address>
          <AddressNumber>2</AddressNumber>
          <AddressTypeCode xsi:nil="true"></AddressTypeCode>
          <City xsi:nil="true"></City>
          <County xsi:nil="true"></County>
          <Country xsi:nil="true"></Country>
          <Fax xsi:nil="true"></Fax>
          <FreightTermsCode xsi:nil="true"></FreightTermsCode>
          <ImportSequenceNumber xsi:nil="true"></ImportSequenceNumber>
          <Latitude xsi:nil="true"></Latitude>
          <Line1 xsi:nil="true"></Line1>
          <Line2 xsi:nil="true"></Line2>
          <Line3 xsi:nil="true"></Line3>
          <Longitude xsi:nil="true"></Longitude>
          <Name xsi:nil="true"></Name>
          <PostalCode xsi:nil="true"></PostalCode>
          <PostOfficeBox xsi:nil="true"></PostOfficeBox>
          <PrimaryContactName xsi:nil="true"></PrimaryContactName>
          <ShippingMethodCode xsi:nil="true"></ShippingMethodCode>
          <StateOrProvince xsi:nil="true"></StateOrProvince>
          <Telephone1 xsi:nil="true"></Telephone1>
          <Telephone2 xsi:nil="true"></Telephone2>
          <Telephone3 xsi:nil="true"></Telephone3>
          <TimeZoneRuleVersionNumber xsi:nil="true"></TimeZoneRuleVersionNumber>
          <UPSZone xsi:nil="true"></UPSZone>
          <UTCOffset xsi:nil="true"></UTCOffset>
          <UTCConversionTimeZoneCode xsi:nil="true"></UTCConversionTimeZoneCode>
        </Address>
      </Addresses>
    </Publisher>
    <RootComponents>
      <RootComponent type="29" id="{02ccbee7-1782-ee11-8179-000d3ab696be}" behavior="0" />
      <RootComponent type="29" id="{11c01da7-8e9d-ee11-be37-000d3ab696be}" behavior="0" />
      <RootComponent type="29" id="{1ff3ac83-037f-ee11-8179-000d3ab696be}" behavior="0" />
      <RootComponent type="29" id="{49378798-48a0-ee11-be37-002248004268}" behavior="0" />
      <RootComponent type="29" id="{4e2fbfd9-b792-ee11-be37-000d3ab696be}" behavior="0" />
      <RootComponent type="29" id="{51badf17-3392-ee11-be37-000d3ab696be}" behavior="0" />
      <RootComponent type="29" id="{7a59e921-41a0-ee11-be37-002248004268}" behavior="0" />
      <RootComponent type="29" id="{81f4a110-46a0-ee11-be37-002248004ea0}" behavior="0" />
      <RootComponent type="29" id="{835499c7-337a-ee11-8179-000d3ab696be}" behavior="0" />
      <RootComponent type="29" id="{a6989ed5-b79d-ee11-be37-000d3ab696be}" behavior="0" />
      <RootComponent type="29" id="{bea663b0-608f-ee11-be36-000d3ab696be}" behavior="0" />
      <RootComponent type="29" id="{d08f141f-e37f-ee11-8179-000d3ab696be}" behavior="0" />
      <RootComponent type="29" id="{d60493e2-44a0-ee11-be37-002248004268}" behavior="0" />
      <RootComponent type="29" id="{e9ff9ed7-49a0-ee11-be37-002248004ea0}" behavior="0" />
      <RootComponent type="29" id="{fc214219-0b7f-ee11-8179-000d3ab696be}" behavior="0" />
    </RootComponents>
    <MissingDependencies />
  </SolutionManifest>
</ImportExportXml>