{
  "properties": {
    "connectionReferences": {
      "shared_office365": {
        "runtimeSource": "embedded",
        "connection": {
          "connectionReferenceLogicalName": "new_sharedoffice365_fce09"
        },
        "api": {
          "name": "shared_office365"
        }
      },
      "shared_office365users": {
        "runtimeSource": "embedded",
        "connection": {
          "connectionReferenceLogicalName": "new_sharedoffice365users_c6708"
        },
        "api": {
          "name": "shared_office365users"
        }
      },
      "shared_sharepointonline": {
        "runtimeSource": "embedded",
        "connection": {
          "connectionReferenceLogicalName": "cr541_sharedsharepointonline_55552"
        },
        "api": {
          "name": "shared_sharepointonline"
        }
      }
    },
    "definition": {
      "$schema": "https://schema.management.azure.com/providers/Microsoft.Logic/schemas/2016-06-01/workflowdefinition.json#",
      "contentVersion": "1.0.0.0",
      "parameters": {
        "$connections": {
          "defaultValue": {},
          "type": "Object"
        },
        "$authentication": {
          "defaultValue": {},
          "type": "SecureObject"
        },
        "MMOIntranet_Datasource_SPSite (cr541_MMOIntranet_Datasource_SPSite)": {
          "defaultValue": "https://buckinghamdevelopment.sharepoint.com/sites/MMOIntranet",
          "type": "String",
          "metadata": {
            "schemaName": "cr541_MMOIntranet_Datasource_SPSite"
          }
        },
        "MMOIntranet_Datasource_List_ICICS (cr541_MMOIntranet_Datasource_List_ICICS)": {
          "defaultValue": "a3bcd6b0-5c3a-4d22-8fdf-e0230bf41f10",
          "type": "String",
          "metadata": {
            "schemaName": "cr541_MMOIntranet_Datasource_List_ICICS"
          }
        }
      },
      "triggers": {
        "When_a_new_submission_is_created": {
          "recurrence": {
            "interval": 5,
            "frequency": "Minute"
          },
          "splitOn": "@triggerOutputs()?['body/value']",
          "metadata": {
            "operationMetadataId": "7fb3f8ef-6dec-4b07-8224-e1f4a9f36d8f"
          },
          "type": "OpenApiConnection",
          "inputs": {
            "host": {
              "connectionName": "shared_sharepointonline",
              "operationId": "GetOnNewItems",
              "apiId": "/providers/Microsoft.PowerApps/apis/shared_sharepointonline"
            },
            "parameters": {
              "dataset": "@parameters('MMOIntranet_Datasource_SPSite (cr541_MMOIntranet_Datasource_SPSite)')",
              "table": "@parameters('MMOIntranet_Datasource_List_ICICS (cr541_MMOIntranet_Datasource_List_ICICS)')"
            },
            "authentication": "@parameters('$authentication')"
          }
        }
      },
      "actions": {
        "Send_a_notification_email_to_the_approvers": {
          "runAfter": {
            "Main_business_logic": [
              "Succeeded"
            ]
          },
          "metadata": {
            "operationMetadataId": "c172166c-0f3a-4c92-a672-ccd89242a26f"
          },
          "type": "OpenApiConnection",
          "inputs": {
            "host": {
              "connectionName": "shared_office365",
              "operationId": "SendEmailV2",
              "apiId": "/providers/Microsoft.PowerApps/apis/shared_office365"
            },
            "parameters": {
              "emailMessage/To": "@variables('txtEmailApproverAddresses')",
              "emailMessage/Subject": "@{variables('txtEmailSubjectLine')}@{body('Parse_solution_configuration')?['Settings']?['Email']?['CustomSubjectLabel']}",
              "emailMessage/Body": "<style>\n    .summaryTitle {\n        color: #0077ff;\n        font-weight: 600;\n        font-size: 1.5em;\n   }\n\n    .summaryDivider {\n        border-top: 1px solid #0077ff;\n    }\n\n    .summaryTxt {\n        font-family: \"Segoe UI\", Arial, sans-serif;\n    }\n\n    .summaryTable tr,th,td {\n        font-family: \"Segoe UI\", Arial, sans-serif;text-align: left\n    }\n\n    .summaryTable th {\n        padding-right: 10px\n    }\n</style>\n@{variables('txtEmailApproverBody')}\n<div style=\"margin:15px 0px\"><hr class=\"summaryDivider\"/></div>\n<p class=\"summaryTxt\"><a href=\"@{parameters('MMOIntranet_Datasource_SPSite (cr541_MMOIntranet_Datasource_SPSite)')}/@{triggerBody()?['{Path}']}EditForm.aspx?ID=@{triggerBody()?['ID']}\">Review / Edit the full submission details</a></p>",
              "emailMessage/ReplyTo": "@triggerOutputs()?['body/Author/Email']",
              "emailMessage/Importance": "Normal"
            },
            "authentication": "@parameters('$authentication')"
          }
        },
        "Send_a_confirmation_email_to_the_submitter": {
          "runAfter": {
            "Main_business_logic": [
              "Succeeded"
            ]
          },
          "metadata": {
            "operationMetadataId": "a6f25aad-989d-400e-b8ad-7e8de5031e8d"
          },
          "type": "OpenApiConnection",
          "inputs": {
            "host": {
              "connectionName": "shared_office365",
              "operationId": "SendEmailV2",
              "apiId": "/providers/Microsoft.PowerApps/apis/shared_office365"
            },
            "parameters": {
              "emailMessage/To": "@triggerOutputs()?['body/Author/Email']",
              "emailMessage/Subject": "@{variables('txtEmailSubjectLine')}@{body('Parse_solution_configuration')?['Settings']?['Email']?['CustomSubjectLabel']}",
              "emailMessage/Body": "<style>\n    .summaryTitle {\n        color: #0077ff;\n        font-weight: 600;\n        font-size: 1.5em;\n   }\n\n    .summaryDivider {\n        border-top: 1px solid #0077ff;\n    }\n\n    .summaryTxt {\n        font-family: \"Segoe UI\", Arial, sans-serif;\n    }\n\n    .summaryTable tr,th,td {\n        font-family: \"Segoe UI\", Arial, sans-serif;text-align: left\n    }\n\n    .summaryTable th {\n        padding-right: 10px\n    }\n</style>\n@{variables('txtEmailSubmitterBody')}\n<div style=\"margin:15px 0px\"><hr class=\"summaryDivider\"/></div>\n<p class=\"summaryTxt\"><a href=\"@{parameters('MMOIntranet_Datasource_SPSite (cr541_MMOIntranet_Datasource_SPSite)')}/@{triggerBody()?['{Path}']}EditForm.aspx?ID=@{triggerBody()?['ID']}\">Review / Edit the full submission details</a></p>",
              "emailMessage/ReplyTo": "@variables('txtEmailApproverAddresses')",
              "emailMessage/Importance": "Normal"
            },
            "authentication": "@parameters('$authentication')"
          }
        },
        "Initialise_txtEmailApproverBody": {
          "runAfter": {
            "Initialise_txtEmailApproverAddresses": [
              "Succeeded"
            ]
          },
          "metadata": {
            "operationMetadataId": "03bca2ef-4185-4333-87b7-846babbb14c3"
          },
          "type": "InitializeVariable",
          "inputs": {
            "variables": [
              {
                "name": "txtEmailApproverBody",
                "type": "string"
              }
            ]
          }
        },
        "Initialise_txtEmailSubmitterBody": {
          "runAfter": {
            "Initialise_txtEmailSubjectLine": [
              "Succeeded"
            ]
          },
          "metadata": {
            "operationMetadataId": "b72a4ace-b111-4fa4-acff-318f33a7fcaf"
          },
          "type": "InitializeVariable",
          "inputs": {
            "variables": [
              {
                "name": "txtEmailSubmitterBody",
                "type": "string"
              }
            ]
          }
        },
        "Initialise_txtContentTypeID": {
          "runAfter": {},
          "metadata": {
            "operationMetadataId": "13dc7bbb-544f-488b-b3d2-55160d518c1f"
          },
          "type": "InitializeVariable",
          "inputs": {
            "variables": [
              {
                "name": "txtContentTypeID",
                "type": "string",
                "value": "0x010047807CA071395E44BF168B9CF766B7F5000D19824971C46D4B860473951B33ED12"
              }
            ]
          }
        },
        "Initialise_txtEmailApproverAddresses": {
          "runAfter": {
            "Initialise_txtContentTypeID": [
              "Succeeded"
            ]
          },
          "metadata": {
            "operationMetadataId": "aba8fcc5-e016-4d78-af9b-f607334796cc"
          },
          "type": "InitializeVariable",
          "inputs": {
            "variables": [
              {
                "name": "txtEmailApproverAddresses",
                "type": "string"
              }
            ]
          }
        },
        "Initialise_txtEmailSubjectLine": {
          "runAfter": {
            "Initialise_txtEmailApproverBody": [
              "Succeeded"
            ]
          },
          "metadata": {
            "operationMetadataId": "b09d3255-ed6e-4696-a204-8926dcdc059e"
          },
          "type": "InitializeVariable",
          "inputs": {
            "variables": [
              {
                "name": "txtEmailSubjectLine",
                "type": "string",
                "value": "New Intranet Content Request - @{triggerOutputs()?['body/Title']}"
              }
            ]
          }
        },
        "txtInternalListName": {
          "runAfter": {
            "Initialise_txtEmailSubmitterBody": [
              "Succeeded"
            ]
          },
          "metadata": {
            "operationMetadataId": "19ae183e-59c1-4a24-be0e-549f2a004cd6"
          },
          "type": "Compose",
          "inputs": "@split(triggerOutputs()?['body/{FullPath}'], '/')[1]"
        },
        "Workflow_configuration_and_initialisation": {
          "actions": {
            "Find_the_configuration_properties_for_this_ALB_site": {
              "runAfter": {
                "Parse_solution_configuration": [
                  "Succeeded"
                ]
              },
              "metadata": {
                "operationMetadataId": "9ada3547-5701-4557-99f5-b91726c8278d"
              },
              "type": "Query",
              "inputs": {
                "from": "@body('Parse_solution_configuration')?['Sites']",
                "where": "@equals(item()?['Abbreviation'], 'MMO')"
              }
            },
            "Site_configuration": {
              "runAfter": {
                "Find_the_configuration_properties_for_this_ALB_site": [
                  "Succeeded"
                ]
              },
              "metadata": {
                "operationMetadataId": "88284bcf-538c-4311-829f-1b4649de2150"
              },
              "type": "ParseJson",
              "inputs": {
                "content": "@first(body('Find_the_configuration_properties_for_this_ALB_site'))",
                "schema": {
                  "type": "object",
                  "properties": {
                    "Abbreviation": {
                      "type": "string"
                    },
                    "EmailAddresses": {
                      "type": "object",
                      "properties": {
                        "ALBNewsApprovers": {
                          "type": "string"
                        },
                        "ContentTeam": {
                          "type": "string"
                        },
                        "InternalCommsTeam": {
                          "type": "string"
                        }
                      }
                    },
                    "SPPermissions": {
                      "type": "object",
                      "properties": {
                        "GroupApproverID": {
                          "type": "string"
                        },
                        "GroupSiteOwnerID": {
                          "type": "string"
                        }
                      }
                    }
                  }
                }
              }
            },
            "Set_txtEmailApproverAddresses": {
              "runAfter": {
                "Site_configuration": [
                  "Succeeded"
                ]
              },
              "metadata": {
                "operationMetadataId": "f240b843-3039-4496-9eae-4bcad86031f4"
              },
              "type": "SetVariable",
              "inputs": {
                "name": "txtEmailApproverAddresses",
                "value": "@body('Site_configuration')?['EmailAddresses']?['ContentTeam']"
              }
            },
            "Get_submitters_profile": {
              "runAfter": {
                "Set_txtEmailApproverAddresses": [
                  "Succeeded"
                ]
              },
              "metadata": {
                "operationMetadataId": "29763c7d-d3ac-4cb7-ae32-7c00a81f74ca"
              },
              "type": "OpenApiConnection",
              "inputs": {
                "host": {
                  "connectionName": "shared_office365users",
                  "operationId": "UserProfile_V2",
                  "apiId": "/providers/Microsoft.PowerApps/apis/shared_office365users"
                },
                "parameters": {
                  "id": "@triggerOutputs()?['body/Author/Email']"
                },
                "authentication": "@parameters('$authentication')"
              }
            },
            "Parse_solution_configuration": {
              "runAfter": {
                "Get_solution_configuration": [
                  "Succeeded"
                ]
              },
              "metadata": {
                "operationMetadataId": "aa64038c-eef7-42ea-92c6-4bc53e14a075"
              },
              "type": "ParseJson",
              "inputs": {
                "content": "@body('Get_solution_configuration')?['configuration']",
                "schema": {
                  "type": "object",
                  "properties": {
                    "Settings": {
                      "type": "object",
                      "properties": {
                        "Email": {
                          "type": "object",
                          "properties": {
                            "CustomSubjectLabel": {
                              "type": "string"
                            }
                          }
                        }
                      }
                    },
                    "Sites": {
                      "type": "array",
                      "items": {
                        "type": "object",
                        "properties": {
                          "Abbreviation": {
                            "type": "string"
                          },
                          "ApprovalSettings": {
                            "type": "object",
                            "properties": {
                              "AutoApprove": {
                                "type": "string"
                              }
                            }
                          },
                          "EmailAddresses": {
                            "type": "object",
                            "properties": {
                              "ALBNewsApprovers": {
                                "type": "string"
                              },
                              "ALBNewsContactUs": {
                                "type": "string"
                              },
                              "ContentTeam": {
                                "type": "string"
                              },
                              "InternalCommsTeam": {
                                "type": "string"
                              }
                            }
                          },
                          "Site": {
                            "type": "object",
                            "properties": {
                              "URL": {
                                "type": "string"
                              }
                            }
                          },
                          "SPPermissions": {
                            "type": "object",
                            "properties": {
                              "GroupApproverID": {
                                "type": "string"
                              },
                              "GroupSiteOwnerID": {
                                "type": "string"
                              }
                            }
                          }
                        },
                        "required": [
                          "Abbreviation",
                          "ApprovalSettings",
                          "EmailAddresses",
                          "Site",
                          "SPPermissions"
                        ]
                      }
                    }
                  }
                }
              }
            },
            "Get_solution_configuration": {
              "runAfter": {},
              "metadata": {
                "operationMetadataId": "10876a92-03b2-4f54-a065-780075350882"
              },
              "type": "Workflow",
              "inputs": {
                "host": {
                  "workflowReferenceName": "11c01da7-8e9d-ee11-be37-000d3ab696be"
                }
              }
            }
          },
          "runAfter": {
            "txtInternalListName": [
              "Succeeded"
            ]
          },
          "metadata": {
            "operationMetadataId": "3509c3e1-97bd-4976-95e8-88ecab9c7d27"
          },
          "type": "Scope"
        },
        "Main_business_logic": {
          "actions": {
            "Is_this_a_content_or_event_submission": {
              "actions": {
                "Content_-_Set_txtEmailApproverBody": {
                  "runAfter": {
                    "Apply_HTML_formatting_to_the_new_line_formatting_in_the_submitted_text": [
                      "Succeeded"
                    ]
                  },
                  "metadata": {
                    "operationMetadataId": "490b1412-4118-49d5-a4c6-3d163107b84b"
                  },
                  "type": "SetVariable",
                  "inputs": {
                    "name": "txtEmailApproverBody",
                    "value": "<h1 class=\"summaryTitle\">New Intranet Content Request - Summary</h1>\n<hr class=\"summaryDivider\"/>\n<p class=\"summaryTxt \">The following intranet content request has been submitted by '<a href=\"mailto:@{triggerOutputs()?['body/Author/Email']}?subject=Enquiry Related to Your Intranet Content Submission '@{triggerOutputs()?['body/Title']}'\">@{triggerBody()?['Author']?['DisplayName']}</a>'. </p>\n<table class=\"summaryTable\">\n    <tr>\n        <th>Submitter:</th>\n        <td>@{triggerBody()?['Author']?['DisplayName']}</td>\n    </tr>\n    <tr>\n        <th>Date/Time of Submission:</th>\n        <td>@{formatDateTime(triggerBody()?['Created'], 'dd/MM/yyyy @ HH:mm')}</td>\n    </tr>\n    <tr>\n        <th>Title:</th>\n        <td>@{triggerBody()?['Title']}</td>\n    </tr>\n     <tr>\n         <th>Content Type:</th>\n         <td>@{triggerBody()?['ContentTypes']?['Value']}</td>\n    </tr>\n    <tr>\n        <th>Preferred Timing:</th>\n        <td>@{formatDateTime(triggerBody()?['PublishBy'], 'dd/MM/yyyy @ HH:mm')}</td>\n    </tr>\n    <tr>\n         <th colspan=\"2\">Submission Summary:</th>\n    </tr>\n</table>\n@{outputs('Apply_HTML_formatting_to_the_new_line_formatting_in_the_submitted_text')}"
                  }
                },
                "Content_-_Set_txtEmailSubmitterBody": {
                  "runAfter": {
                    "Content_-_Set_txtEmailApproverBody": [
                      "Succeeded"
                    ]
                  },
                  "metadata": {
                    "operationMetadataId": "54357c13-8475-43d8-a4ab-6b76cb1361cb"
                  },
                  "type": "SetVariable",
                  "inputs": {
                    "name": "txtEmailSubmitterBody",
                    "value": "<h1 class=\"summaryTitle\">New Intranet Content Request - Summary</h1>\n<hr class=\"summaryDivider\"/>\n<p class=\"summaryTxt \">Hi @{outputs('Get_submitters_profile')?['body/givenName']}</p>\n<p>Here is a summary of your content submission.</p>\n<table class=\"summaryTable\">\n    <tr>\n        <th>Date/Time of Submission:</th>\n        <td>@{formatDateTime(triggerBody()?['Created'], 'dd/MM/yyyy @ HH:mm')}</td>\n    </tr>\n    <tr>\n        <th>Title:</th>\n        <td>@{triggerBody()?['Title']}</td>\n    </tr>\n     <tr>\n         <th>Content Type:</th>\n         <td>@{triggerBody()?['ContentTypes']?['Value']}</td>\n    </tr>\n    <tr>\n        <th>Preferred Timing:</th>\n        <td>@{formatDateTime(triggerBody()?['PublishBy'], 'dd/MM/yyyy @ HH:mm')}</td>\n    </tr>\n    <tr>\n         <th colspan=\"2\">Submission Summary:</th>\n    </tr>\n</table>\n@{outputs('Apply_HTML_formatting_to_the_new_line_formatting_in_the_submitted_text')}"
                  }
                },
                "Apply_HTML_formatting_to_the_new_line_formatting_in_the_submitted_text": {
                  "runAfter": {},
                  "metadata": {
                    "operationMetadataId": "6ffa76b3-fe5d-4cdb-ab48-8e43ffd6388f"
                  },
                  "type": "Compose",
                  "inputs": "@uriComponentToString(replace(uriComponent(triggerOutputs()?['body/ContentSubmissionDescription']), '%0A', '<br/>'))"
                },
                "Switch_the_approver_email_address_if_specific_content_types_are_selected": {
                  "runAfter": {
                    "Content_-_Set_txtEmailSubmitterBody": [
                      "Succeeded"
                    ]
                  },
                  "cases": {
                    "Content_-_Alert": {
                      "case": "Alert",
                      "actions": {
                        "Content_-_Alert_-_Approvers_email_address_set_to_internal_comms_team": {
                          "runAfter": {},
                          "metadata": {
                            "operationMetadataId": "3a70d5c7-c533-41a4-9784-7c3ee35665d1"
                          },
                          "type": "SetVariable",
                          "inputs": {
                            "name": "txtEmailApproverAddresses",
                            "value": "@body('Site_configuration')?['EmailAddresses']?['InternalCommsTeam']"
                          }
                        }
                      }
                    },
                    "Content_-_News_Story": {
                      "case": "News Story",
                      "actions": {
                        "Content_-_News_Story_-_Approvers_email_address_set_to_internal_comms_team": {
                          "runAfter": {},
                          "metadata": {
                            "operationMetadataId": "9c531b71-078a-4358-a7de-e1e01d976f0d"
                          },
                          "type": "SetVariable",
                          "inputs": {
                            "name": "txtEmailApproverAddresses",
                            "value": "@body('Site_configuration')?['EmailAddresses']?['InternalCommsTeam']"
                          }
                        }
                      }
                    }
                  },
                  "default": {
                    "actions": {}
                  },
                  "expression": "@triggerOutputs()?['body/ContentTypes/Value']",
                  "metadata": {
                    "operationMetadataId": "190b4644-b83a-4b03-a979-2229183a20c0"
                  },
                  "type": "Switch"
                }
              },
              "runAfter": {},
              "else": {
                "actions": {
                  "Event_-_Set_txtEmailApproverBody": {
                    "runAfter": {
                      "Event_-_Set_txtContentTypeID_to_Event_Submission_Stage_2_CT": [
                        "Succeeded"
                      ]
                    },
                    "metadata": {
                      "operationMetadataId": "6f5955e2-40f3-4721-9c13-10de27c23a95"
                    },
                    "type": "SetVariable",
                    "inputs": {
                      "name": "txtEmailApproverBody",
                      "value": "<h1 class=\"summaryTitle\">New Intranet Event Request  - Summary</h1>\n<hr class=\"summaryDivider\"/>\n<p class=\"summaryTxt \">The following intranet event request has been submitted by '<a href=\"mailto:@{triggerOutputs()?['body/Author/Email']}?subject=Enquiry Related to Your Intranet Event Submission '@{triggerOutputs()?['body/Title']}'\">@{triggerBody()?['Author']?['DisplayName']}</a>'. </p>\n<table class=\"summaryTable\">\n    <tr>\n        <th>Date/Time of Submission:</th>\n        <td>@{formatDateTime(triggerBody()?['Created'], 'dd/MM/yyyy @ HH:mm')}</td>\n    </tr>\n    <tr>\n        <th>Title:</th>\n        <td>@{triggerBody()?['Title']}</td>\n    </tr>\n     <tr>\n         <th>Event Date/Time:</th>\n         <td>@{formatDateTime(triggerBody()?['EventDateTime'], 'dd/MM/yyyy @ HH:mm')}</td>\n     </tr>\n     <tr>\n         <td colspan=\"2\">&nbsp;</td>\n     </tr>\n     <tr>\n         <th colspan=\"2\">Venue and Joining Details:</th>\n     </tr>\n     <tr>\n         <td colspan=\"2\">@{outputs('Apply_HTML_formatting_to_EventVenueAndJoiningDetails')}</td>\n     </tr>\n     <tr>\n         <td colspan=\"2\">&nbsp;</td>\n     </tr>\n     <tr>\n         <th colspan=\"2\">Details about the event:</th>\n     </tr>\n     <tr>\n         <td colspan=\"2\">@{outputs('Apply_HTML_formatting_to_EventDetails')}</td>\n     </tr>\n     <tr>\n         <td colspan=\"2\">&nbsp;</td>\n     </tr>\n</table>"
                    }
                  },
                  "Event_-_Set_txtEmailSubmitterBody": {
                    "runAfter": {
                      "Event_-_Set_txtEmailSubjectLine": [
                        "Succeeded"
                      ]
                    },
                    "metadata": {
                      "operationMetadataId": "304840ee-d44b-41df-ab53-4c0b1e952aa7"
                    },
                    "type": "SetVariable",
                    "inputs": {
                      "name": "txtEmailSubmitterBody",
                      "value": "<h1 class=\"summaryTitle\">New Intranet Event Request - Summary</h1>\n<hr class=\"summaryDivider\"/>\n<p class=\"summaryTxt \">Hi @{outputs('Get_submitters_profile')?['body/givenName']}</p>\n<p>Here is a summary of your intranet event submission.</p>\n<table class=\"summaryTable\">\n    <tr>\n        <th>Date/Time of Submission:</th>\n        <td>@{formatDateTime(triggerBody()?['Created'], 'dd/MM/yyyy @ HH:mm')}</td>\n    </tr>\n    <tr>\n        <th>Title:</th>\n        <td>@{triggerBody()?['Title']}</td>\n    </tr>\n     <tr>\n         <th>Event Date/Time:</th>\n         <td>@{formatDateTime(triggerBody()?['EventDateTime'], 'dd/MM/yyyy @ HH:mm')}</td>\n     </tr>\n     <tr>\n         <td colspan=\"2\">&nbsp;</td>\n     </tr>\n     <tr>\n         <th colspan=\"2\">Venue and Joining Details:</th>\n     </tr>\n     <tr>\n         <td colspan=\"2\">@{outputs('Apply_HTML_formatting_to_EventVenueAndJoiningDetails')}</td>\n     </tr>\n     <tr>\n         <td colspan=\"2\">&nbsp;</td>\n     </tr>\n     <tr>\n         <th colspan=\"2\">Details about the event:</th>\n     </tr>\n     <tr>\n         <td colspan=\"2\">@{outputs('Apply_HTML_formatting_to_EventDetails')}</td>\n     </tr>\n     <tr>\n         <td colspan=\"2\">&nbsp;</td>\n     </tr>\n</table>"
                    }
                  },
                  "Apply_HTML_formatting_to_EventVenueAndJoiningDetails": {
                    "runAfter": {},
                    "metadata": {
                      "operationMetadataId": "20cc1a84-c28d-4596-817b-b251f207a6e3"
                    },
                    "type": "Compose",
                    "inputs": "@uriComponentToString(replace(uriComponent(triggerOutputs()?['body/EventVenueAndJoiningDetails']), '%0A', '<br/>'))"
                  },
                  "Event_-_Set_txtContentTypeID_to_Event_Submission_Stage_2_CT": {
                    "runAfter": {
                      "Event_-_Approvers_email_address_set_to_internal_comms_team": [
                        "Succeeded"
                      ]
                    },
                    "metadata": {
                      "operationMetadataId": "f4c87a42-3873-4ed1-9e73-ba34e29e7630"
                    },
                    "type": "SetVariable",
                    "inputs": {
                      "name": "txtContentTypeID",
                      "value": "0x0100EFC8242424D12D4AB41F506DEE7D643300104A90531A83E047BF79888E96C102D0"
                    }
                  },
                  "Apply_HTML_formatting_to_EventDetails": {
                    "runAfter": {
                      "Apply_HTML_formatting_to_EventVenueAndJoiningDetails": [
                        "Succeeded"
                      ]
                    },
                    "metadata": {
                      "operationMetadataId": "ea306421-ed2c-4b00-ba38-f6a5ea008e8c"
                    },
                    "type": "Compose",
                    "inputs": "@uriComponentToString(replace(uriComponent(triggerOutputs()?['body/EventDetails']), '%0A', '<br/>'))"
                  },
                  "Apply_HTML_formatting_to_EventBooking": {
                    "runAfter": {
                      "Apply_HTML_formatting_to_EventDetails": [
                        "Succeeded"
                      ]
                    },
                    "metadata": {
                      "operationMetadataId": "2d7b31fd-64b9-4f3e-99e5-59f1602b73a3"
                    },
                    "type": "Compose",
                    "inputs": "@uriComponentToString(replace(uriComponent(triggerOutputs()?['body/EventBooking']), '%0A', '<br/>'))"
                  },
                  "Apply_HTML_formatting_to_EventFurtherInformation": {
                    "runAfter": {
                      "Apply_HTML_formatting_to_EventBooking": [
                        "Succeeded"
                      ]
                    },
                    "metadata": {
                      "operationMetadataId": "4ea191ed-1b40-4f3f-90e6-5189e6835221"
                    },
                    "type": "Compose",
                    "inputs": "@uriComponentToString(replace(uriComponent(triggerOutputs()?['body/EventFurtherInformation']), '%0A', '<br/>'))"
                  },
                  "Event_-_Approvers_email_address_set_to_internal_comms_team": {
                    "runAfter": {
                      "Apply_HTML_formatting_to_EventFurtherInformation": [
                        "Succeeded"
                      ]
                    },
                    "metadata": {
                      "operationMetadataId": "670da24d-60a4-4a16-99cf-5b086fd0afb4"
                    },
                    "type": "SetVariable",
                    "inputs": {
                      "name": "txtEmailApproverAddresses",
                      "value": "@body('Site_configuration')?['EmailAddresses']?['InternalCommsTeam']"
                    }
                  },
                  "Event_-_Set_txtEmailSubjectLine": {
                    "runAfter": {
                      "Event_-_Set_txtEmailApproverBody": [
                        "Succeeded"
                      ]
                    },
                    "metadata": {
                      "operationMetadataId": "a5b9ee1d-9332-4b9d-8c98-f79c09a53a12"
                    },
                    "type": "SetVariable",
                    "inputs": {
                      "name": "txtEmailSubjectLine",
                      "value": "New Intranet Event Request - @{triggerOutputs()?['body/Title']}"
                    }
                  }
                }
              },
              "expression": {
                "startsWith": [
                  "@triggerOutputs()?['body/{ContentType}/Name']",
                  "Content Submission Request"
                ]
              },
              "metadata": {
                "operationMetadataId": "3958a0c1-7534-4455-b488-f61c7f728238"
              },
              "type": "If"
            },
            "Switch_the_content_type_to_the_stage_2_content_type": {
              "runAfter": {
                "Is_this_a_content_or_event_submission": [
                  "Succeeded"
                ]
              },
              "metadata": {
                "operationMetadataId": "945c4b85-382c-4b02-90f2-3f8d22066211"
              },
              "type": "OpenApiConnection",
              "inputs": {
                "host": {
                  "connectionName": "shared_sharepointonline",
                  "operationId": "HttpRequest",
                  "apiId": "/providers/Microsoft.PowerApps/apis/shared_sharepointonline"
                },
                "parameters": {
                  "dataset": "@parameters('MMOIntranet_Datasource_SPSite (cr541_MMOIntranet_Datasource_SPSite)')",
                  "parameters/method": "PATCH",
                  "parameters/uri": "/_api/web/Lists('@{parameters('MMOIntranet_Datasource_List_ICICS (cr541_MMOIntranet_Datasource_List_ICICS)')}')/items(@{triggerOutputs()?['body/ID']})/",
                  "parameters/headers": {
                    "content-type": "application/json;odata=verbose",
                    "If-Match": "*"
                  },
                  "parameters/body": "{\n    \"__metadata\": {\n        \"type\": \"SP.Data.@{outputs('txtInternalListName')}ListItem\"\n    },\n    'ContentTypeId': '@{variables('txtContentTypeID')}'\n}"
                },
                "authentication": "@parameters('$authentication')"
              }
            },
            "Reset_inheritance_on_the_submission": {
              "runAfter": {
                "Switch_the_content_type_to_the_stage_2_content_type": [
                  "Succeeded"
                ]
              },
              "metadata": {
                "operationMetadataId": "5ac21558-4d28-4911-8751-02c12de37ed3"
              },
              "type": "OpenApiConnection",
              "inputs": {
                "host": {
                  "connectionName": "shared_sharepointonline",
                  "operationId": "HttpRequest",
                  "apiId": "/providers/Microsoft.PowerApps/apis/shared_sharepointonline"
                },
                "parameters": {
                  "dataset": "@parameters('MMOIntranet_Datasource_SPSite (cr541_MMOIntranet_Datasource_SPSite)')",
                  "parameters/method": "POST",
                  "parameters/uri": "/_api/web/Lists('@{parameters('MMOIntranet_Datasource_List_ICICS (cr541_MMOIntranet_Datasource_List_ICICS)')}')/items(@{triggerOutputs()?['body/ID']})/ResetRoleInheritance",
                  "parameters/headers": {
                    "content-type": "application/json;odata=verbose",
                    "accept": "application/json;odata=verbose"
                  }
                },
                "authentication": "@parameters('$authentication')"
              }
            },
            "Break_inheritance_on_the_submission_and_remove_all_the_permissions": {
              "runAfter": {
                "Reset_inheritance_on_the_submission": [
                  "Succeeded"
                ]
              },
              "metadata": {
                "operationMetadataId": "c2962875-eac5-4d9b-a8ae-37fdf1e19835"
              },
              "type": "OpenApiConnection",
              "inputs": {
                "host": {
                  "connectionName": "shared_sharepointonline",
                  "operationId": "HttpRequest",
                  "apiId": "/providers/Microsoft.PowerApps/apis/shared_sharepointonline"
                },
                "parameters": {
                  "dataset": "@parameters('MMOIntranet_Datasource_SPSite (cr541_MMOIntranet_Datasource_SPSite)')",
                  "parameters/method": "POST",
                  "parameters/uri": "/_api/web/Lists('@{parameters('MMOIntranet_Datasource_List_ICICS (cr541_MMOIntranet_Datasource_List_ICICS)')}')/items(@{triggerOutputs()?['body/ID']})/BreakRoleInheritance(copyRoleAssignments=false,clearSubscopes=true)",
                  "parameters/headers": {
                    "content-type": "application/json;odata=verbose",
                    "accept": "application/json;odata=verbose"
                  }
                },
                "authentication": "@parameters('$authentication')"
              }
            },
            "Give_back_the_SharePoint_site_owners_group_full_control_": {
              "runAfter": {
                "Break_inheritance_on_the_submission_and_remove_all_the_permissions": [
                  "Succeeded"
                ]
              },
              "metadata": {
                "operationMetadataId": "a329e0e1-069b-49e5-a9f0-3579b822f871"
              },
              "type": "OpenApiConnection",
              "inputs": {
                "host": {
                  "connectionName": "shared_sharepointonline",
                  "operationId": "HttpRequest",
                  "apiId": "/providers/Microsoft.PowerApps/apis/shared_sharepointonline"
                },
                "parameters": {
                  "dataset": "@parameters('MMOIntranet_Datasource_SPSite (cr541_MMOIntranet_Datasource_SPSite)')",
                  "parameters/method": "POST",
                  "parameters/uri": "/_api/web/Lists('@{parameters('MMOIntranet_Datasource_List_ICICS (cr541_MMOIntranet_Datasource_List_ICICS)')}')/items(@{triggerOutputs()?['body/ID']})/roleAssignments/AddRoleAssignment(PrincipalId=@{body('Site_configuration')?['SPPermissions']?['GroupSiteOwnerID']}, roleDefId=1073741829)",
                  "parameters/headers": {
                    "content-type": "application/json;odata=verbose",
                    "accept": "application/json;odata=verbose"
                  }
                },
                "authentication": "@parameters('$authentication')"
              }
            },
            "Give_back_the_SharePoint_approvers_group_edit_permissions": {
              "runAfter": {
                "Give_back_the_SharePoint_site_owners_group_full_control_": [
                  "Succeeded"
                ]
              },
              "metadata": {
                "operationMetadataId": "fed44818-d27c-4eb1-8c8f-7cf03f315b40"
              },
              "type": "OpenApiConnection",
              "inputs": {
                "host": {
                  "connectionName": "shared_sharepointonline",
                  "operationId": "HttpRequest",
                  "apiId": "/providers/Microsoft.PowerApps/apis/shared_sharepointonline"
                },
                "parameters": {
                  "dataset": "@parameters('MMOIntranet_Datasource_SPSite (cr541_MMOIntranet_Datasource_SPSite)')",
                  "parameters/method": "POST",
                  "parameters/uri": "/_api/web/Lists('@{parameters('MMOIntranet_Datasource_List_ICICS (cr541_MMOIntranet_Datasource_List_ICICS)')}')/items(@{triggerOutputs()?['body/ID']})/roleAssignments/AddRoleAssignment(PrincipalId=@{body('Site_configuration')?['SPPermissions']?['GroupApproverID']}, roleDefId=1073741830)",
                  "parameters/headers": {
                    "content-type": "application/json;odata=verbose",
                    "accept": "application/json;odata=verbose"
                  }
                },
                "authentication": "@parameters('$authentication')"
              }
            },
            "Grant_the_submitter_rights_to_edit_this_submission": {
              "runAfter": {
                "Give_back_the_SharePoint_approvers_group_edit_permissions": [
                  "Succeeded"
                ]
              },
              "metadata": {
                "operationMetadataId": "8bd7bbea-bdc6-47f7-8af3-37a55f751ffd"
              },
              "type": "OpenApiConnection",
              "inputs": {
                "host": {
                  "connectionName": "shared_sharepointonline",
                  "operationId": "GrantAccess",
                  "apiId": "/providers/Microsoft.PowerApps/apis/shared_sharepointonline"
                },
                "parameters": {
                  "dataset": "@parameters('MMOIntranet_Datasource_SPSite (cr541_MMOIntranet_Datasource_SPSite)')",
                  "table": "@parameters('MMOIntranet_Datasource_List_ICICS (cr541_MMOIntranet_Datasource_List_ICICS)')",
                  "id": "@triggerOutputs()?['body/ID']",
                  "parameter/recipients": "@triggerOutputs()?['body/Author/Email']",
                  "parameter/roleValue": "role:1073741827",
                  "parameter/sendEmail": false
                },
                "authentication": "@parameters('$authentication')"
              }
            }
          },
          "runAfter": {
            "Workflow_configuration_and_initialisation": [
              "Succeeded"
            ]
          },
          "metadata": {
            "operationMetadataId": "7355f9c9-c112-4bcd-a3ad-82800869c94a"
          },
          "type": "Scope"
        }
      }
    },
    "templateName": ""
  },
  "schemaVersion": "1.0.0.0"
}