<environmentvariabledefinition schemaname="cr541_DefraIntranet_Email_InternalCommsTeam">
  <description default="The email addresses belong to the internal comms team">
    <label description="The email addresses belong to the internal comms team" languagecode="1033" />
  </description>
  <displayname default="DefraIntranet_Email_InternalCommsTeam">
    <label description="DefraIntranet_Email_InternalCommsTeam" languagecode="1033" />
  </displayname>
  <introducedversion>1.1.0.13</introducedversion>
  <iscustomizable>1</iscustomizable>
  <isrequired>0</isrequired>
  <secretstore>0</secretstore>
  <type>100000000</type>
</environmentvariabledefinition>