<environmentvariabledefinition schemaname="cr541_DefraIntranet_InternalListName">
  <description default="The internal name of the content submission list of the Defra Intranet SharePoint site">
    <label description="The internal name of the content submission list of the Defra Intranet SharePoint site" languagecode="1033" />
  </description>
  <displayname default="DefraIntranet_InternalListName">
    <label description="DefraIntranet_InternalListName" languagecode="1033" />
  </displayname>
  <introducedversion>1.1.0.4</introducedversion>
  <iscustomizable>1</iscustomizable>
  <isrequired>0</isrequired>
  <secretstore>0</secretstore>
  <type>100000000</type>
</environmentvariabledefinition>