<environmentvariabledefinition schemaname="cr541_Intranet_Content_Approvals_Configuration">
  <defaultvalue>{"Settings":{"Email":{"CustomSubjectLabel":" **Development**"}},"Sites":[{"Abbreviation":"Core Defra","ApprovalSettings":{"AutoApprove":"true"},"EmailAddresses":{"ALBNewsApprovers":"","ContentTeam":"james@buckinghamdevelopment.co.uk","InternalCommsTeam":"DefraApprovers@buckinghamdevelopment.co.uk"},"SPPermissions":{"GroupApproverID":"5","GroupSiteOwnerID":"3"}},{"Abbreviation":"APHA","ApprovalSettings":{"AutoApprove":"true"},"EmailAddresses":{"ALBNewsApprovers":"APHAApprovers@buckinghamdevelopment.co.uk","ContentTeam":"james@buckinghamdevelopment.co.uk","InternalCommsTeam":"APHAApprovers@buckinghamdevelopment.co.uk"},"SPPermissions":{"GroupApproverID":"5","GroupSiteOwnerID":"3"}},{"Abbreviation":"EA","ApprovalSettings":{"AutoApprove":"false"},"EmailAddresses":{"ALBNewsApprovers":"EAApprovers@buckinghamdevelopment.co.uk","ContentTeam":"james@buckinghamdevelopment.co.uk","InternalCommsTeam":"EAApprovers@buckinghamdevelopment.co.uk"},"SPPermissions":{"GroupApproverID":"5","GroupSiteOwnerID":"3"}},{"Abbreviation":"MMO","ApprovalSettings":{"AutoApprove":"true"},"EmailAddresses":{"ALBNewsApprovers":"MMOApprovers@buckinghamdevelopment.co.uk","ContentTeam":"james@buckinghamdevelopment.co.uk","InternalCommsTeam":"MMOApprovers@buckinghamdevelopment.co.uk"},"SPPermissions":{"GroupApproverID":"5","GroupSiteOwnerID":"3"}},{"Abbreviation":"NE","ApprovalSettings":{"AutoApprove":"true"},"EmailAddresses":{"ALBNewsApprovers":"NEApprovers@buckinghamdevelopment.co.uk","ContentTeam":"james@buckinghamdevelopment.co.uk","InternalCommsTeam":"NEApprovers@buckinghamdevelopment.co.uk"},"SPPermissions":{"GroupApproverID":"5","GroupSiteOwnerID":"3"}},{"Abbreviation":"RPA","ApprovalSettings":{"AutoApprove":"false"},"EmailAddresses":{"ALBNewsApprovers":"RPAApprovers@buckinghamdevelopment.co.uk","ContentTeam":"james@buckinghamdevelopment.co.uk","InternalCommsTeam":"RPAApprovers@buckinghamdevelopment.co.uk"},"SPPermissions":{"GroupApproverID":"5","GroupSiteOwnerID":"3"}}]}</defaultvalue>
  <displayname default="_Intranet_Content_Approvals_Configuration">
    <label description="_Intranet_Content_Approvals_Configuration" languagecode="1033" />
  </displayname>
  <introducedversion>1.1.0.15</introducedversion>
  <iscustomizable>1</iscustomizable>
  <isrequired>0</isrequired>
  <secretstore>0</secretstore>
  <type>100000003</type>
</environmentvariabledefinition>