{
  "properties": {
    "connectionReferences": {
      "shared_sharepointonline": {
        "runtimeSource": "embedded",
        "connection": {
          "connectionReferenceLogicalName": "cr541_sharedsharepointonline_55552"
        },
        "api": {
          "name": "shared_sharepointonline"
        }
      },
      "shared_office365": {
        "runtimeSource": "embedded",
        "connection": {
          "connectionReferenceLogicalName": "new_sharedoffice365_fce09"
        },
        "api": {
          "name": "shared_office365"
        }
      }
    },
    "definition": {
      "$schema": "https://schema.management.azure.com/providers/Microsoft.Logic/schemas/2016-06-01/workflowdefinition.json#",
      "contentVersion": "1.0.0.0",
      "parameters": {
        "$authentication": {
          "defaultValue": {},
          "type": "SecureObject"
        },
        "$connections": {
          "defaultValue": {},
          "type": "Object"
        }
      },
      "triggers": {
        "When_a_new_submission_is_created": {
          "recurrence": {
            "frequency": "Minute",
            "interval": 5
          },
          "splitOn": "@triggerOutputs()?['body/value']",
          "metadata": {
            "operationMetadataId": "7fb3f8ef-6dec-4b07-8224-e1f4a9f36d8f"
          },
          "type": "OpenApiConnection",
          "inputs": {
            "parameters": {
              "dataset": "https://buckinghamdevelopment.sharepoint.com/sites/DefraIntranet",
              "table": "a81146c1-6101-419f-b3d1-b3a9aac1b737"
            },
            "host": {
              "apiId": "/providers/Microsoft.PowerApps/apis/shared_sharepointonline",
              "operationId": "GetOnNewItems",
              "connectionName": "shared_sharepointonline"
            }
          }
        }
      },
      "actions": {
        "Initialize_arrPublishedSiteChoiceArray": {
          "runAfter": {},
          "metadata": {
            "operationMetadataId": "9983784c-a144-4b82-8c44-ba00ac5edf31"
          },
          "type": "InitializeVariable",
          "inputs": {
            "variables": [
              {
                "name": "arrPublishedSiteChoiceArray",
                "type": "array"
              }
            ]
          }
        },
        "Initialize_txtApproversEmailAddresses": {
          "runAfter": {
            "Initialize_arrPublishedSiteChoiceArray": [
              "Succeeded"
            ]
          },
          "metadata": {
            "operationMetadataId": "aba8fcc5-e016-4d78-af9b-f607334796cc"
          },
          "type": "InitializeVariable",
          "inputs": {
            "variables": [
              {
                "name": "txtApproversEmailAddresses",
                "type": "string",
                "value": "DefraApprovers@buckinghamdevelopment.co.uk"
              }
            ]
          }
        },
        "Initialize_txtSiteURL": {
          "runAfter": {
            "Initialize_txtListName": [
              "Succeeded"
            ]
          },
          "metadata": {
            "operationMetadataId": "f08a8f4b-9e64-46e7-9741-82f6e19a8547"
          },
          "type": "InitializeVariable",
          "inputs": {
            "variables": [
              {
                "name": "txtSiteURL",
                "type": "string",
                "value": "https://buckinghamdevelopment.sharepoint.com/sites/DefraIntranet"
              }
            ]
          }
        },
        "Approve_or_Reject_Handler": {
          "actions": {
            "Item_Approval_Status_is_Approved": {
              "metadata": {
                "operationMetadataId": "f108e6b1-d449-40c2-9b7c-23aadf35e3bb"
              },
              "type": "SetVariable",
              "inputs": {
                "name": "txtItemApprovalStatus",
                "value": "Approved"
              }
            }
          },
          "runAfter": {
            "Send_email_with_options": [
              "Succeeded"
            ]
          },
          "else": {
            "actions": {
              "Item_Approval_Status_is_Rejected": {
                "metadata": {
                  "operationMetadataId": "c7d7f319-1703-45ef-b218-b443ab306959"
                },
                "type": "SetVariable",
                "inputs": {
                  "name": "txtItemApprovalStatus",
                  "value": "Rejected"
                }
              }
            }
          },
          "expression": {
            "and": [
              {
                "equals": [
                  "@outputs('Send_email_with_options')?['body/SelectedOption']",
                  "Approve"
                ]
              }
            ]
          },
          "metadata": {
            "operationMetadataId": "d6c55063-5b86-475f-b25a-f3d9f39d589d"
          },
          "type": "If"
        },
        "Initialize_txtInternalListName": {
          "runAfter": {
            "Initialize_txtItemApprovalStatus": [
              "Succeeded"
            ]
          },
          "metadata": {
            "operationMetadataId": "32d16caa-b3d1-4f20-bcbc-717ebcb00bb9"
          },
          "type": "InitializeVariable",
          "inputs": {
            "variables": [
              {
                "name": "txtInternalListName",
                "type": "string",
                "value": "ICICS"
              }
            ]
          }
        },
        "Send_email_with_options": {
          "runAfter": {
            "Initialize_txtSiteURL": [
              "Succeeded"
            ]
          },
          "metadata": {
            "operationMetadataId": "1ddd07f5-babd-4e6c-9bbe-4c76aa6a91f6"
          },
          "type": "OpenApiConnectionWebhook",
          "inputs": {
            "parameters": {
              "optionsEmailSubscription/Message/To": "@variables('txtApproversEmailAddresses')",
              "optionsEmailSubscription/Message/HeaderText": "Intranet Content Submission Request Summary",
              "optionsEmailSubscription/Message/SelectionText": "Please Approve or Request this request",
              "optionsEmailSubscription/Message/Body": "<style>\n.summaryTxt {\n  font-family: \"Segoe UI\", Arial, sans-serif;\n}\n.summaryTable tr,th,td {\n  font-family: \"Segoe UI\", Arial, sans-serif;\n  text-align: left\n}\n</style>\n\n<p class=\"summaryTxt \">The following intranet content submission request has been raised by '@{triggerBody()?['Author']?['DisplayName']}'. </p>\n\n<table class=\"summaryTable\">\n<tr>\n<th>Submitter:</th>\n<td>@{triggerBody()?['Author']?['DisplayName']}</td>\n</tr>\n<tr>\n<th>Date/Time of Submission:</th>\n<td>@{formatDateTime(triggerBody()?['Created'],'dd/MM/yyyy @ HH:mm')}</td>\n<tr>\n<th>Title:</th>\n<td>@{triggerBody()?['Title']}</td>\n</tr>\n<tr>\n<th>Content Relevant To:</th>\n<td>@{item()?['Label']}</td>\n</tr>\n<tr>\n<th>Content Type:</th>\n<td>@{triggerBody()?['ContentTypes']?['Value']}</td>\n</tr>\n<tr>\n<th>Preferred Timing:</th>\n<td>@{formatDateTime(triggerBody()?['PublishBy'],'dd/MM/yyyy @ HH:mm')}</td>\n</tr>\n<tr>\n<th>Text</th>\n<td>@{triggerBody()?['ContentSubmissionDescription']}</td>\n</tr>\n</table>\n\n<p class=\"summaryTxt\"><a href=\"@{variables('txtSiteURL')}/@{triggerBody()?['{Path}']}EditForm.aspx?ID=@{triggerBody()?['ID']}\">Open / Edit the Full Submission Details</a></p>",
              "optionsEmailSubscription/Message/Importance": "Normal",
              "optionsEmailSubscription/Message/UseOnlyHTMLMessage": true,
              "optionsEmailSubscription/Message/HideHTMLMessage": false,
              "optionsEmailSubscription/Message/ShowHTMLConfirmationDialog": true,
              "optionsEmailSubscription/Message/HideMicrosoftFooter": true,
              "optionsEmailSubscription/Message/Subject": "Intranet Content Submission Request from '@{triggerBody()?['Author']?['DisplayName']}'",
              "optionsEmailSubscription/Message/Options": "Approve, Reject"
            },
            "host": {
              "apiId": "/providers/Microsoft.PowerApps/apis/shared_office365",
              "operationId": "SendMailWithOptions",
              "connectionName": "shared_office365"
            }
          }
        },
        "Initialize_txtListName": {
          "runAfter": {
            "Initialize_txtInternalListName": [
              "Succeeded"
            ]
          },
          "metadata": {
            "operationMetadataId": "d1dfdd9e-8a55-4a61-8221-5916c5b0c0ce"
          },
          "type": "InitializeVariable",
          "inputs": {
            "variables": [
              {
                "name": "txtListName",
                "type": "string",
                "value": "Internal Comms Intranet Content Submissions"
              }
            ]
          }
        },
        "Initialize_txtItemApprovalStatus": {
          "runAfter": {
            "Initialize_txtApproversEmailAddresses": [
              "Succeeded"
            ]
          },
          "metadata": {
            "operationMetadataId": "f59b30d4-480b-4196-ad53-7837a33bf5d5"
          },
          "type": "InitializeVariable",
          "inputs": {
            "variables": [
              {
                "name": "txtItemApprovalStatus",
                "type": "string",
                "value": "Rejected"
              }
            ]
          }
        },
        "Update_Item_with_Approval_Status": {
          "runAfter": {
            "Approve_or_Reject_Handler": [
              "Succeeded"
            ]
          },
          "metadata": {
            "operationMetadataId": "1a2f1240-677a-4a16-ada5-12a371a1691e"
          },
          "type": "OpenApiConnection",
          "inputs": {
            "parameters": {
              "dataset": "@variables('txtSiteURL')",
              "table": "@variables('txtListName')",
              "id": "@triggerBody()?['ID']",
              "item": {
                "ContentSubmissionStatus": {
                  "Value": "@{variables('txtItemApprovalStatus')}"
                }
              }
            },
            "host": {
              "apiId": "/providers/Microsoft.PowerApps/apis/shared_sharepointonline",
              "operationId": "PatchItem",
              "connectionName": "shared_sharepointonline"
            }
          }
        }
      }
    },
    "templateName": null
  },
  "schemaVersion": "1.0.0.0"
}