{
  "properties": {
    "connectionReferences": {
      "shared_sharepointonline": {
        "runtimeSource": "embedded",
        "connection": {
          "connectionReferenceLogicalName": "cr541_sharedsharepointonline_55552"
        },
        "api": {
          "name": "shared_sharepointonline"
        }
      },
      "shared_office365": {
        "runtimeSource": "embedded",
        "connection": {
          "connectionReferenceLogicalName": "new_sharedoffice365_fce09"
        },
        "api": {
          "name": "shared_office365"
        }
      },
      "shared_office365users": {
        "runtimeSource": "embedded",
        "connection": {
          "connectionReferenceLogicalName": "new_sharedoffice365users_c6708"
        },
        "api": {
          "name": "shared_office365users"
        }
      }
    },
    "definition": {
      "$schema": "https://schema.management.azure.com/providers/Microsoft.Logic/schemas/2016-06-01/workflowdefinition.json#",
      "contentVersion": "1.0.0.0",
      "parameters": {
        "$connections": {
          "defaultValue": {},
          "type": "Object"
        },
        "$authentication": {
          "defaultValue": {},
          "type": "SecureObject"
        },
        "EAIntranet_Datasource_SPSite (cr541_EAIntranet_Datasource_SPSite)": {
          "defaultValue": "https://buckinghamdevelopment.sharepoint.com/sites/EAIntranet",
          "type": "String",
          "metadata": {
            "schemaName": "cr541_EAIntranet_Datasource_SPSite"
          }
        },
        "EAIntranet_Datasource_List_ICICS (cr541_EAIntranet_Datasource_List_ICICS)": {
          "defaultValue": "62a2d0e7-1ddd-4654-9848-6be2910378b8",
          "type": "String",
          "metadata": {
            "schemaName": "cr541_EAIntranet_Datasource_List_ICICS"
          }
        },
        "EAIntranet_SPGroupApproversID (cr541_EAIntranet_SPGroupApproversID)": {
          "defaultValue": "5",
          "type": "String",
          "metadata": {
            "schemaName": "cr541_EAIntranet_SPGroupApproversID"
          }
        },
        "EAIntranet_SPGroupSiteOwnerID (cr541_EAIntranet_SPGroupSiteOwnerID)": {
          "defaultValue": "3",
          "type": "String",
          "metadata": {
            "schemaName": "cr541_EAIntranet_SPGroupSiteOwnerID"
          }
        },
        "EAIntranet_ApproverEmailAddresses (cr541_EAIntranet_ApproverEmailAddresses)": {
          "defaultValue": "james@buckinghamdevelopment.co.uk;",
          "type": "String",
          "metadata": {
            "schemaName": "cr541_EAIntranet_ApproverEmailAddresses"
          }
        }
      },
      "triggers": {
        "When_a_new_submission_is_created": {
          "recurrence": {
            "interval": 5,
            "frequency": "Minute"
          },
          "splitOn": "@triggerOutputs()?['body/value']",
          "metadata": {
            "operationMetadataId": "7fb3f8ef-6dec-4b07-8224-e1f4a9f36d8f"
          },
          "type": "OpenApiConnection",
          "inputs": {
            "host": {
              "connectionName": "shared_sharepointonline",
              "operationId": "GetOnNewItems",
              "apiId": "/providers/Microsoft.PowerApps/apis/shared_sharepointonline"
            },
            "parameters": {
              "dataset": "@parameters('EAIntranet_Datasource_SPSite (cr541_EAIntranet_Datasource_SPSite)')",
              "table": "@parameters('EAIntranet_Datasource_List_ICICS (cr541_EAIntranet_Datasource_List_ICICS)')"
            },
            "authentication": "@parameters('$authentication')"
          }
        }
      },
      "actions": {
        "Initialize_txtApproversEmailAddresses": {
          "runAfter": {
            "Initialize_intSPGroupSiteOwnerID": [
              "Succeeded"
            ]
          },
          "metadata": {
            "operationMetadataId": "aba8fcc5-e016-4d78-af9b-f607334796cc"
          },
          "type": "InitializeVariable",
          "inputs": {
            "variables": [
              {
                "name": "txtApproversEmailAddresses",
                "type": "string",
                "value": "@parameters('EAIntranet_ApproverEmailAddresses (cr541_EAIntranet_ApproverEmailAddresses)')"
              }
            ]
          }
        },
        "Initialize_txtSiteURL": {
          "runAfter": {
            "Initialize_txtListName": [
              "Succeeded"
            ]
          },
          "metadata": {
            "operationMetadataId": "f08a8f4b-9e64-46e7-9741-82f6e19a8547"
          },
          "type": "InitializeVariable",
          "inputs": {
            "variables": [
              {
                "name": "txtSiteURL",
                "type": "string",
                "value": "@parameters('EAIntranet_Datasource_SPSite (cr541_EAIntranet_Datasource_SPSite)')"
              }
            ]
          }
        },
        "Initialize_txtInternalListName": {
          "runAfter": {
            "Initialize_txtContentTypeID": [
              "Succeeded"
            ]
          },
          "metadata": {
            "operationMetadataId": "32d16caa-b3d1-4f20-bcbc-717ebcb00bb9"
          },
          "type": "InitializeVariable",
          "inputs": {
            "variables": [
              {
                "name": "txtInternalListName",
                "type": "string",
                "value": "@{split(triggerOutputs()?['body/{FullPath}'],'/')[1]}"
              }
            ]
          }
        },
        "Initialize_txtListName": {
          "runAfter": {
            "Initialize_txtListGuid": [
              "Succeeded"
            ]
          },
          "metadata": {
            "operationMetadataId": "d1dfdd9e-8a55-4a61-8221-5916c5b0c0ce"
          },
          "type": "InitializeVariable",
          "inputs": {
            "variables": [
              {
                "name": "txtListName",
                "type": "string"
              }
            ]
          }
        },
        "Initialize_intSPGroupSiteOwnerID": {
          "runAfter": {
            "Initialize_intSPGroupApproversID": [
              "Succeeded"
            ]
          },
          "metadata": {
            "operationMetadataId": "68839310-5279-40e9-bff0-aed3ad2a534d"
          },
          "type": "InitializeVariable",
          "inputs": {
            "variables": [
              {
                "name": "intSPGroupSiteOwnerID",
                "type": "integer",
                "value": "@int(parameters('EAIntranet_SPGroupSiteOwnerID (cr541_EAIntranet_SPGroupSiteOwnerID)'))"
              }
            ]
          }
        },
        "Initialize_intSPGroupApproversID": {
          "runAfter": {},
          "metadata": {
            "operationMetadataId": "12c4d9df-ff41-4972-a16b-479a18b5da42"
          },
          "type": "InitializeVariable",
          "inputs": {
            "variables": [
              {
                "name": "intSPGroupSiteApproversID",
                "type": "integer",
                "value": "@int(parameters('EAIntranet_SPGroupApproversID (cr541_EAIntranet_SPGroupApproversID)'))"
              }
            ]
          }
        },
        "Get_lists": {
          "runAfter": {
            "Initialize_txtSiteURL": [
              "Succeeded"
            ]
          },
          "metadata": {
            "operationMetadataId": "b541337c-c1d1-4e66-8884-108edd950f6c"
          },
          "type": "OpenApiConnection",
          "inputs": {
            "host": {
              "connectionName": "shared_sharepointonline",
              "operationId": "GetTables",
              "apiId": "/providers/Microsoft.PowerApps/apis/shared_sharepointonline"
            },
            "parameters": {
              "dataset": "@variables('txtSiteURL')"
            },
            "authentication": "@parameters('$authentication')"
          }
        },
        "Find_the_list_title_of_our_submission_list": {
          "foreach": "@outputs('Get_lists')?['body/value']",
          "actions": {
            "Condition": {
              "actions": {
                "Set_the_txtListName_variable_to_the_list_title": {
                  "runAfter": {},
                  "metadata": {
                    "operationMetadataId": "8c7d41f9-be6e-42a1-88ce-686aa7c2259c"
                  },
                  "type": "SetVariable",
                  "inputs": {
                    "name": "txtListName",
                    "value": "@items('Find_the_list_title_of_our_submission_list')?['DisplayName']"
                  }
                }
              },
              "runAfter": {},
              "expression": {
                "equals": [
                  "@items('Find_the_list_title_of_our_submission_list')?['Name']",
                  "@variables('txtListGuid')"
                ]
              },
              "metadata": {
                "operationMetadataId": "ec1dfb6a-55b3-445b-862c-4eefe1754fb4"
              },
              "type": "If"
            }
          },
          "runAfter": {
            "Get_lists": [
              "Succeeded"
            ]
          },
          "metadata": {
            "operationMetadataId": "4c02d2a1-366f-4618-8a27-ff3d8af5a13a"
          },
          "type": "Foreach"
        },
        "Initialize_txtListGuid": {
          "runAfter": {
            "Initialize_txtInternalListName": [
              "Succeeded"
            ]
          },
          "metadata": {
            "operationMetadataId": "c518f74c-dcc9-4fbd-865e-29de4be5bcd8"
          },
          "type": "InitializeVariable",
          "inputs": {
            "variables": [
              {
                "name": "txtListGuid",
                "type": "string",
                "value": "@parameters('EAIntranet_Datasource_List_ICICS (cr541_EAIntranet_Datasource_List_ICICS)')"
              }
            ]
          }
        },
        "Is_this_a_content_or_event_submission": {
          "actions": {
            "Content_-_Set_txtEmailApproverBody": {
              "runAfter": {
                "Content_-_Set_txtContentTypeID_to_Content_Submission_Stage_2_CT": [
                  "Succeeded"
                ]
              },
              "metadata": {
                "operationMetadataId": "490b1412-4118-49d5-a4c6-3d163107b84b"
              },
              "type": "SetVariable",
              "inputs": {
                "name": "txtEmailApproverBody",
                "value": "<h1 class=\"summaryTitle\">New Intranet Content Request - Summary</h1>\n<hr class=\"summaryDivider\"/>\n<p class=\"summaryTxt \">The following intranet content request has been submitted by '<a href=\"mailto:@{triggerOutputs()?['body/Author/Email']}?subject=Enquiry Related to Your Intranet Content Submission '@{triggerOutputs()?['body/Title']}'\">@{triggerBody()?['Author']?['DisplayName']}</a>'. </p>\n<table class=\"summaryTable\">\n    <tr>\n        <th>Submitter:</th>\n        <td>@{triggerBody()?['Author']?['DisplayName']}</td>\n    </tr>\n    <tr>\n        <th>Date/Time of Submission:</th>\n        <td>@{formatDateTime(triggerBody()?['Created'], 'dd/MM/yyyy @ HH:mm')}</td>\n    </tr>\n    <tr>\n        <th>Title:</th>\n        <td>@{triggerBody()?['Title']}</td>\n    </tr>\n     <tr>\n         <th>Content Type:</th>\n         <td>@{triggerBody()?['ContentTypes']?['Value']}</td>\n    </tr>\n    <tr>\n        <th>Preferred Timing:</th>\n        <td>@{formatDateTime(triggerBody()?['PublishBy'], 'dd/MM/yyyy @ HH:mm')}</td>\n    </tr>\n    <tr>\n         <th colspan=\"2\">Text:</th>\n    </tr>\n</table>\n@{outputs('Apply_HTML_formatting_to_the_new_line_formatting_in_the_submitted_text')}"
              }
            },
            "Content_-_Set_txtEmailSubmitterBody": {
              "runAfter": {
                "Content_-_Set_txtEmailApproverBody": [
                  "Succeeded"
                ]
              },
              "metadata": {
                "operationMetadataId": "54357c13-8475-43d8-a4ab-6b76cb1361cb"
              },
              "type": "SetVariable",
              "inputs": {
                "name": "txtEmailSubmitterBody",
                "value": "<h1 class=\"summaryTitle\">New Intranet Content Request - Summary</h1>\n<hr class=\"summaryDivider\"/>\n<p class=\"summaryTxt \">Hi @{outputs('Get_submitters_profile')?['body/givenName']}</p>\n<p>Here is a summary of your content submission.</p>\n<table class=\"summaryTable\">\n    <tr>\n        <th>Date/Time of Submission:</th>\n        <td>@{formatDateTime(triggerBody()?['Created'], 'dd/MM/yyyy @ HH:mm')}</td>\n    </tr>\n    <tr>\n        <th>Title:</th>\n        <td>@{triggerBody()?['Title']}</td>\n    </tr>\n     <tr>\n         <th>Content Type:</th>\n         <td>@{triggerBody()?['ContentTypes']?['Value']}</td>\n    </tr>\n    <tr>\n        <th>Preferred Timing:</th>\n        <td>@{formatDateTime(triggerBody()?['PublishBy'], 'dd/MM/yyyy @ HH:mm')}</td>\n    </tr>\n    <tr>\n         <th colspan=\"2\">Text:</th>\n    </tr>\n</table>\n@{outputs('Apply_HTML_formatting_to_the_new_line_formatting_in_the_submitted_text')}"
              }
            },
            "Content_-_Set_txtContentTypeID_to_Content_Submission_Stage_2_CT": {
              "runAfter": {
                "Apply_HTML_formatting_to_the_new_line_formatting_in_the_submitted_text": [
                  "Succeeded"
                ]
              },
              "metadata": {
                "operationMetadataId": "83d9fc80-00c8-487d-82a7-808cf6680c17"
              },
              "type": "SetVariable",
              "inputs": {
                "name": "txtContentTypeID",
                "value": "0x010047807CA071395E44BF168B9CF766B7F5000D19824971C46D4B860473951B33ED12"
              }
            },
            "Apply_HTML_formatting_to_the_new_line_formatting_in_the_submitted_text": {
              "runAfter": {},
              "metadata": {
                "operationMetadataId": "6ffa76b3-fe5d-4cdb-ab48-8e43ffd6388f"
              },
              "type": "Compose",
              "inputs": "@uriComponentToString(replace(uriComponent(triggerOutputs()?['body/ContentSubmissionDescription']), '%0A', '<br/>'))"
            }
          },
          "runAfter": {
            "Get_submitters_profile": [
              "Succeeded"
            ]
          },
          "else": {
            "actions": {
              "Event_-_Set_txtEmailApproverBody": {
                "runAfter": {
                  "Event_-_Set_txtContentTypeID_to_Event_Submission_Stage_2_CT": [
                    "Succeeded"
                  ]
                },
                "metadata": {
                  "operationMetadataId": "6f5955e2-40f3-4721-9c13-10de27c23a95"
                },
                "type": "SetVariable",
                "inputs": {
                  "name": "txtEmailApproverBody",
                  "value": "<h1 class=\"summaryTitle\">New Intranet Event Request  - Summary</h1>\n<hr class=\"summaryDivider\"/>\n<p class=\"summaryTxt \">The following intranet event request has been submitted by '<a href=\"mailto:@{triggerOutputs()?['body/Author/Email']}?subject=Enquiry Related to Your Intranet Event Submission '@{triggerOutputs()?['body/Title']}'\">@{triggerBody()?['Author']?['DisplayName']}</a>'. </p>\n<table class=\"summaryTable\">\n    <tr>\n        <th>Date/Time of Submission:</th>\n        <td>@{formatDateTime(triggerBody()?['Created'], 'dd/MM/yyyy @ HH:mm')}</td>\n    </tr>\n    <tr>\n        <th>Title:</th>\n        <td>@{triggerBody()?['Title']}</td>\n    </tr>\n     <tr>\n         <th>Event Date/Time:</th>\n         <td>@{formatDateTime(triggerBody()?['EventDateTime'], 'dd/MM/yyyy @ HH:mm')}</td>\n     </tr>\n     <tr>\n         <td colspan=\"2\">&nbsp;</td>\n     </tr>\n     <tr>\n         <th colspan=\"2\">Venue and Joining Details:</th>\n     </tr>\n     <tr>\n         <td colspan=\"2\">@{outputs('Apply_HTML_formatting_to_EventVenueAndJoiningDetails')}</td>\n     </tr>\n     <tr>\n         <td colspan=\"2\">&nbsp;</td>\n     </tr>\n     <tr>\n         <th colspan=\"2\">Details about the event:</th>\n     </tr>\n     <tr>\n         <td colspan=\"2\">@{outputs('Apply_HTML_formatting_to_EventDetails')}</td>\n     </tr>\n     <tr>\n         <td colspan=\"2\">&nbsp;</td>\n     </tr>\n     <tr>\n         <th>Booking:</th>\n     </tr>\n     <tr>\n         <td colspan=\"2\">@{outputs('Apply_HTML_formatting_to_EventBooking')}</td>\n     </tr>\n     <tr>\n         <td colspan=\"2\">&nbsp;</td>\n     </tr>\n     <tr>\n         <th colspan=\"2\">Further information for the reader:</th>\n     </tr>\n     <tr>\n         <td colspan=\"2\">@{outputs('Apply_HTML_formatting_to_EventFurtherInformation')}</td>\n     </tr>\n</table>"
                }
              },
              "Event_-_Set_txtEmailSubmitterBody": {
                "runAfter": {
                  "Event_-_Set_txtEmailApproverBody": [
                    "Succeeded"
                  ]
                },
                "metadata": {
                  "operationMetadataId": "304840ee-d44b-41df-ab53-4c0b1e952aa7"
                },
                "type": "SetVariable",
                "inputs": {
                  "name": "txtEmailSubmitterBody",
                  "value": "<h1 class=\"summaryTitle\">New Intranet Event Request - Summary</h1>\n<hr class=\"summaryDivider\"/>\n<p class=\"summaryTxt \">Hi @{outputs('Get_submitters_profile')?['body/givenName']}</p>\n<p>Here is a summary of your intranet event submission.</p>\n<table class=\"summaryTable\">\n    <tr>\n        <th>Date/Time of Submission:</th>\n        <td>@{formatDateTime(triggerBody()?['Created'], 'dd/MM/yyyy @ HH:mm')}</td>\n    </tr>\n    <tr>\n        <th>Title:</th>\n        <td>@{triggerBody()?['Title']}</td>\n    </tr>\n     <tr>\n         <th>Event Date/Time:</th>\n         <td>@{formatDateTime(triggerBody()?['EventDateTime'], 'dd/MM/yyyy @ HH:mm')}</td>\n     </tr>\n     <tr>\n         <td colspan=\"2\">&nbsp;</td>\n     </tr>\n     <tr>\n         <th colspan=\"2\">Venue and Joining Details:</th>\n     </tr>\n     <tr>\n         <td colspan=\"2\">@{outputs('Apply_HTML_formatting_to_EventVenueAndJoiningDetails')}</td>\n     </tr>\n     <tr>\n         <td colspan=\"2\">&nbsp;</td>\n     </tr>\n     <tr>\n         <th colspan=\"2\">Details about the event:</th>\n     </tr>\n     <tr>\n         <td colspan=\"2\">@{outputs('Apply_HTML_formatting_to_EventDetails')}</td>\n     </tr>\n     <tr>\n         <td colspan=\"2\">&nbsp;</td>\n     </tr>\n     <tr>\n         <th>Booking:</th>\n     </tr>\n     <tr>\n         <td colspan=\"2\">@{outputs('Apply_HTML_formatting_to_EventBooking')}</td>\n     </tr>\n     <tr>\n         <td colspan=\"2\">&nbsp;</td>\n     </tr>\n     <tr>\n         <th colspan=\"2\">Further information for the reader:</th>\n     </tr>\n     <tr>\n         <td colspan=\"2\">@{outputs('Apply_HTML_formatting_to_EventFurtherInformation')}</td>\n     </tr>\n</table>"
                }
              },
              "Apply_HTML_formatting_to_EventVenueAndJoiningDetails": {
                "runAfter": {},
                "metadata": {
                  "operationMetadataId": "20cc1a84-c28d-4596-817b-b251f207a6e3"
                },
                "type": "Compose",
                "inputs": "@uriComponentToString(replace(uriComponent(triggerOutputs()?['body/EventVenueAndJoiningDetails']), '%0A', '<br/>'))"
              },
              "Event_-_Set_txtContentTypeID_to_Event_Submission_Stage_2_CT": {
                "runAfter": {
                  "Apply_HTML_formatting_to_EventFurtherInformation": [
                    "Succeeded"
                  ]
                },
                "metadata": {
                  "operationMetadataId": "f4c87a42-3873-4ed1-9e73-ba34e29e7630"
                },
                "type": "SetVariable",
                "inputs": {
                  "name": "txtContentTypeID",
                  "value": "0x0100EFC8242424D12D4AB41F506DEE7D643300104A90531A83E047BF79888E96C102D0"
                }
              },
              "Apply_HTML_formatting_to_EventDetails": {
                "runAfter": {
                  "Apply_HTML_formatting_to_EventVenueAndJoiningDetails": [
                    "Succeeded"
                  ]
                },
                "metadata": {
                  "operationMetadataId": "ea306421-ed2c-4b00-ba38-f6a5ea008e8c"
                },
                "type": "Compose",
                "inputs": "@uriComponentToString(replace(uriComponent(triggerOutputs()?['body/EventDetails']), '%0A', '<br/>'))"
              },
              "Apply_HTML_formatting_to_EventBooking": {
                "runAfter": {
                  "Apply_HTML_formatting_to_EventDetails": [
                    "Succeeded"
                  ]
                },
                "metadata": {
                  "operationMetadataId": "2d7b31fd-64b9-4f3e-99e5-59f1602b73a3"
                },
                "type": "Compose",
                "inputs": "@uriComponentToString(replace(uriComponent(triggerOutputs()?['body/EventBooking']), '%0A', '<br/>'))"
              },
              "Apply_HTML_formatting_to_EventFurtherInformation": {
                "runAfter": {
                  "Apply_HTML_formatting_to_EventBooking": [
                    "Succeeded"
                  ]
                },
                "metadata": {
                  "operationMetadataId": "4ea191ed-1b40-4f3f-90e6-5189e6835221"
                },
                "type": "Compose",
                "inputs": "@uriComponentToString(replace(uriComponent(triggerOutputs()?['body/EventFurtherInformation']), '%0A', '<br/>'))"
              }
            }
          },
          "expression": {
            "equals": [
              "@triggerOutputs()?['body/{ContentType}/Name']",
              "Content Submission Request"
            ]
          },
          "metadata": {
            "operationMetadataId": "3958a0c1-7534-4455-b488-f61c7f728238"
          },
          "type": "If"
        },
        "Send_a_notification_email_to_the_approvers": {
          "runAfter": {
            "Grant_the_submitter_rights_to_edit_this_submission": [
              "Succeeded"
            ]
          },
          "metadata": {
            "operationMetadataId": "c172166c-0f3a-4c92-a672-ccd89242a26f"
          },
          "type": "OpenApiConnection",
          "inputs": {
            "host": {
              "connectionName": "shared_office365",
              "operationId": "SendEmailV2",
              "apiId": "/providers/Microsoft.PowerApps/apis/shared_office365"
            },
            "parameters": {
              "emailMessage/To": "@variables('txtApproversEmailAddresses')",
              "emailMessage/Subject": "@variables('txtEmailSubjectLine')",
              "emailMessage/Body": "<style>\n    .summaryTitle {\n        color: #0077ff;\n        font-weight: 600;\n        font-size: 1.5em;\n   }\n\n    .summaryDivider {\n        border-top: 1px solid #0077ff;\n    }\n\n    .summaryTxt {\n        font-family: \"Segoe UI\", Arial, sans-serif;\n    }\n\n    .summaryTable tr,th,td {\n        font-family: \"Segoe UI\", Arial, sans-serif;text-align: left\n    }\n\n    .summaryTable th {\n        padding-right: 10px\n    }\n</style>\n@{variables('txtEmailApproverBody')}\n<div style=\"margin:15px 0px\"><hr class=\"summaryDivider\"/></div>\n<p class=\"summaryTxt\"><a href=\"@{variables('txtSiteURL')}/@{triggerBody()?['{Path}']}EditForm.aspx?ID=@{triggerBody()?['ID']}\">Review / Edit the full submission details</a></p>",
              "emailMessage/ReplyTo": "@triggerOutputs()?['body/Author/Email']",
              "emailMessage/Importance": "Normal"
            },
            "authentication": "@parameters('$authentication')"
          }
        },
        "Send_a_confirmation_email_to_the_submitter": {
          "runAfter": {
            "Grant_the_submitter_rights_to_edit_this_submission": [
              "Succeeded"
            ]
          },
          "metadata": {
            "operationMetadataId": "a6f25aad-989d-400e-b8ad-7e8de5031e8d"
          },
          "type": "OpenApiConnection",
          "inputs": {
            "host": {
              "connectionName": "shared_office365",
              "operationId": "SendEmailV2",
              "apiId": "/providers/Microsoft.PowerApps/apis/shared_office365"
            },
            "parameters": {
              "emailMessage/To": "@triggerOutputs()?['body/Author/Email']",
              "emailMessage/Subject": "@variables('txtEmailSubjectLine')",
              "emailMessage/Body": "<style>\n    .summaryTitle {\n        color: #0077ff;\n        font-weight: 600;\n        font-size: 1.5em;\n   }\n\n    .summaryDivider {\n        border-top: 1px solid #0077ff;\n    }\n\n    .summaryTxt {\n        font-family: \"Segoe UI\", Arial, sans-serif;\n    }\n\n    .summaryTable tr,th,td {\n        font-family: \"Segoe UI\", Arial, sans-serif;text-align: left\n    }\n\n    .summaryTable th {\n        padding-right: 10px\n    }\n</style>\n@{variables('txtEmailSubmitterBody')}\n<div style=\"margin:15px 0px\"><hr class=\"summaryDivider\"/></div>\n<p class=\"summaryTxt\"><a href=\"@{variables('txtSiteURL')}/@{triggerBody()?['{Path}']}DispForm.aspx?ID=@{triggerBody()?['ID']}\">Review the full submission details</a></p>",
              "emailMessage/ReplyTo": "@variables('txtApproversEmailAddresses')",
              "emailMessage/Importance": "Normal"
            },
            "authentication": "@parameters('$authentication')"
          }
        },
        "Reset_inheritance_on_the_submission": {
          "runAfter": {
            "Switch_the_content_type_to_the_stage_2_content_type": [
              "Succeeded"
            ]
          },
          "metadata": {
            "operationMetadataId": "5ac21558-4d28-4911-8751-02c12de37ed3"
          },
          "type": "OpenApiConnection",
          "inputs": {
            "host": {
              "connectionName": "shared_sharepointonline",
              "operationId": "HttpRequest",
              "apiId": "/providers/Microsoft.PowerApps/apis/shared_sharepointonline"
            },
            "parameters": {
              "dataset": "@variables('txtSiteURL')",
              "parameters/method": "POST",
              "parameters/uri": "/_api/web/Lists/GetByTitle('@{variables('txtListName')}')/items(@{triggerOutputs()?['body/ID']})/ResetRoleInheritance",
              "parameters/headers": {
                "content-type": "application/json;odata=verbose",
                "accept": "application/json;odata=verbose"
              }
            },
            "authentication": "@parameters('$authentication')"
          }
        },
        "Break_inheritance_on_the_submission_and_remove_all_the_permissions": {
          "runAfter": {
            "Reset_inheritance_on_the_submission": [
              "Succeeded"
            ]
          },
          "metadata": {
            "operationMetadataId": "c2962875-eac5-4d9b-a8ae-37fdf1e19835"
          },
          "type": "OpenApiConnection",
          "inputs": {
            "host": {
              "connectionName": "shared_sharepointonline",
              "operationId": "HttpRequest",
              "apiId": "/providers/Microsoft.PowerApps/apis/shared_sharepointonline"
            },
            "parameters": {
              "dataset": "@variables('txtSiteURL')",
              "parameters/method": "POST",
              "parameters/uri": "/_api/web/Lists/GetByTitle('@{variables('txtListName')}')/items(@{triggerOutputs()?['body/ID']})/BreakRoleInheritance(copyRoleAssignments=false,clearSubscopes=true)",
              "parameters/headers": {
                "content-type": "application/json;odata=verbose",
                "accept": "application/json;odata=verbose"
              }
            },
            "authentication": "@parameters('$authentication')"
          }
        },
        "Give_back_the_SharePoint_site_owners_group_full_control_": {
          "runAfter": {
            "Break_inheritance_on_the_submission_and_remove_all_the_permissions": [
              "Succeeded"
            ]
          },
          "metadata": {
            "operationMetadataId": "a329e0e1-069b-49e5-a9f0-3579b822f871"
          },
          "type": "OpenApiConnection",
          "inputs": {
            "host": {
              "connectionName": "shared_sharepointonline",
              "operationId": "HttpRequest",
              "apiId": "/providers/Microsoft.PowerApps/apis/shared_sharepointonline"
            },
            "parameters": {
              "dataset": "@variables('txtSiteURL')",
              "parameters/method": "POST",
              "parameters/uri": "/_api/web/Lists/GetByTitle('@{variables('txtListName')}')/items(@{triggerOutputs()?['body/ID']})/roleAssignments/AddRoleAssignment(PrincipalId=@{variables('intSPGroupSiteOwnerID')}, roleDefId=1073741829)",
              "parameters/headers": {
                "content-type": "application/json;odata=verbose",
                "accept": "application/json;odata=verbose"
              }
            },
            "authentication": "@parameters('$authentication')"
          }
        },
        "Give_back_the_SharePoint_approvers_group_edit_permissions": {
          "runAfter": {
            "Give_back_the_SharePoint_site_owners_group_full_control_": [
              "Succeeded"
            ]
          },
          "metadata": {
            "operationMetadataId": "fed44818-d27c-4eb1-8c8f-7cf03f315b40"
          },
          "type": "OpenApiConnection",
          "inputs": {
            "host": {
              "connectionName": "shared_sharepointonline",
              "operationId": "HttpRequest",
              "apiId": "/providers/Microsoft.PowerApps/apis/shared_sharepointonline"
            },
            "parameters": {
              "dataset": "@variables('txtSiteURL')",
              "parameters/method": "POST",
              "parameters/uri": "/_api/web/Lists/GetByTitle('@{variables('txtListName')}')/items(@{triggerOutputs()?['body/ID']})/roleAssignments/AddRoleAssignment(PrincipalId=@{variables('intSPGroupSiteApproversID')}, roleDefId=1073741830)",
              "parameters/headers": {
                "content-type": "application/json;odata=verbose",
                "accept": "application/json;odata=verbose"
              }
            },
            "authentication": "@parameters('$authentication')"
          }
        },
        "Grant_the_submitter_rights_to_edit_this_submission": {
          "runAfter": {
            "Give_back_the_SharePoint_approvers_group_edit_permissions": [
              "Succeeded"
            ]
          },
          "metadata": {
            "operationMetadataId": "8bd7bbea-bdc6-47f7-8af3-37a55f751ffd"
          },
          "type": "OpenApiConnection",
          "inputs": {
            "host": {
              "connectionName": "shared_sharepointonline",
              "operationId": "GrantAccess",
              "apiId": "/providers/Microsoft.PowerApps/apis/shared_sharepointonline"
            },
            "parameters": {
              "dataset": "@variables('txtSiteURL')",
              "table": "@variables('txtListName')",
              "id": "@triggerOutputs()?['body/ID']",
              "parameter/recipients": "@triggerOutputs()?['body/Author/Email']",
              "parameter/roleValue": "role:1073741827",
              "parameter/sendEmail": false
            },
            "authentication": "@parameters('$authentication')"
          }
        },
        "Initialize_txtContentTypeID": {
          "runAfter": {
            "Initialize_txtEmailSubjectLine": [
              "Succeeded"
            ]
          },
          "metadata": {
            "operationMetadataId": "13dc7bbb-544f-488b-b3d2-55160d518c1f"
          },
          "type": "InitializeVariable",
          "inputs": {
            "variables": [
              {
                "name": "txtContentTypeID",
                "type": "string"
              }
            ]
          }
        },
        "Switch_the_content_type_to_the_stage_2_content_type": {
          "runAfter": {
            "Is_this_a_content_or_event_submission": [
              "Succeeded"
            ]
          },
          "metadata": {
            "operationMetadataId": "945c4b85-382c-4b02-90f2-3f8d22066211"
          },
          "type": "OpenApiConnection",
          "inputs": {
            "host": {
              "connectionName": "shared_sharepointonline",
              "operationId": "HttpRequest",
              "apiId": "/providers/Microsoft.PowerApps/apis/shared_sharepointonline"
            },
            "parameters": {
              "dataset": "@variables('txtSiteURL')",
              "parameters/method": "PATCH",
              "parameters/uri": "/_api/web/Lists/GetByTitle('@{variables('txtListName')}')/items(@{triggerOutputs()?['body/ID']})/",
              "parameters/headers": {
                "content-type": "application/json;odata=verbose",
                "If-Match": "*"
              },
              "parameters/body": "{\n    \"__metadata\": {\n        \"type\": \"SP.Data.@{variables('txtInternalListName')}ListItem\"\n    },\n    'ContentTypeId': '@{variables('txtContentTypeID')}'\n}"
            },
            "authentication": "@parameters('$authentication')"
          }
        },
        "Initialize_txtEmailApproverBody": {
          "runAfter": {
            "Initialize_txtApproversEmailAddresses": [
              "Succeeded"
            ]
          },
          "metadata": {
            "operationMetadataId": "03bca2ef-4185-4333-87b7-846babbb14c3"
          },
          "type": "InitializeVariable",
          "inputs": {
            "variables": [
              {
                "name": "txtEmailApproverBody",
                "type": "string"
              }
            ]
          }
        },
        "Initialize_txtEmailSubmitterBody": {
          "runAfter": {
            "Initialize_txtEmailApproverBody": [
              "Succeeded"
            ]
          },
          "metadata": {
            "operationMetadataId": "b72a4ace-b111-4fa4-acff-318f33a7fcaf"
          },
          "type": "InitializeVariable",
          "inputs": {
            "variables": [
              {
                "name": "txtEmailSubmitterBody",
                "type": "string"
              }
            ]
          }
        },
        "Get_submitters_profile": {
          "runAfter": {
            "Find_the_list_title_of_our_submission_list": [
              "Succeeded"
            ]
          },
          "metadata": {
            "operationMetadataId": "29763c7d-d3ac-4cb7-ae32-7c00a81f74ca"
          },
          "type": "OpenApiConnection",
          "inputs": {
            "host": {
              "connectionName": "shared_office365users",
              "operationId": "UserProfile_V2",
              "apiId": "/providers/Microsoft.PowerApps/apis/shared_office365users"
            },
            "parameters": {
              "id": "@triggerOutputs()?['body/Author/Email']"
            },
            "authentication": "@parameters('$authentication')"
          }
        },
        "Initialize_txtEmailSubjectLine": {
          "runAfter": {
            "Initialize_txtEmailSubmitterBody": [
              "Succeeded"
            ]
          },
          "metadata": {
            "operationMetadataId": "b09d3255-ed6e-4696-a204-8926dcdc059e"
          },
          "type": "InitializeVariable",
          "inputs": {
            "variables": [
              {
                "name": "txtEmailSubjectLine",
                "type": "string",
                "value": "New Intranet Content Request"
              }
            ]
          }
        }
      }
    },
    "templateName": ""
  },
  "schemaVersion": "1.0.0.0"
}