<environmentvariabledefinition schemaname="cr541_DefraIntranet_ListName">
  <description default="The content submission list title for the Defra Intranet SharePoint site">
    <label description="The content submission list title for the Defra Intranet SharePoint site" languagecode="1033" />
  </description>
  <displayname default="DefraIntranet_ListName">
    <label description="DefraIntranet_ListName" languagecode="1033" />
  </displayname>
  <introducedversion>1.1.0.4</introducedversion>
  <iscustomizable>1</iscustomizable>
  <isrequired>0</isrequired>
  <secretstore>0</secretstore>
  <type>100000000</type>
</environmentvariabledefinition>