{
  "properties": {
    "connectionReferences": {
      "shared_sharepointonline_1": {
        "runtimeSource": "invoker",
        "connection": {
          "connectionReferenceLogicalName": "cr541_sharedsharepointonline_55552"
        },
        "api": {
          "name": "shared_sharepointonline"
        }
      },
      "shared_sharepointonline": {
        "runtimeSource": "invoker",
        "connection": {
          "connectionReferenceLogicalName": "cr541_sharedsharepointonline_55552"
        },
        "api": {
          "name": "shared_sharepointonline"
        }
      },
      "shared_office365": {
        "runtimeSource": "invoker",
        "connection": {
          "connectionReferenceLogicalName": "new_sharedoffice365_fce09"
        },
        "api": {
          "name": "shared_office365"
        }
      },
      "shared_office365users": {
        "runtimeSource": "invoker",
        "connection": {
          "connectionReferenceLogicalName": "new_sharedoffice365users_c6708"
        },
        "api": {
          "name": "shared_office365users"
        }
      }
    },
    "definition": {
      "$schema": "https://schema.management.azure.com/providers/Microsoft.Logic/schemas/2016-06-01/workflowdefinition.json#",
      "contentVersion": "1.0.0.0",
      "parameters": {
        "$connections": {
          "defaultValue": {},
          "type": "Object"
        },
        "$authentication": {
          "defaultValue": {},
          "type": "SecureObject"
        },
        "EAIntranet_Datasource_SPSite (cr541_EAIntranet_Datasource_SPSite)": {
          "defaultValue": "https://buckinghamdevelopment.sharepoint.com/sites/EAIntranet",
          "type": "String",
          "metadata": {
            "schemaName": "cr541_EAIntranet_Datasource_SPSite"
          }
        },
        "EAIntranet_Datasource_List_ICICS (cr541_EAIntranet_Datasource_List_ICICS)": {
          "defaultValue": "81963aca-4ce8-40d0-a392-68be9160c5ad",
          "type": "String",
          "metadata": {
            "schemaName": "cr541_EAIntranet_Datasource_List_ICICS"
          }
        },
        "EAIntranet_SPGroupApproversID (cr541_EAIntranet_SPGroupApproversID)": {
          "defaultValue": "5",
          "type": "String",
          "metadata": {
            "schemaName": "cr541_EAIntranet_SPGroupApproversID"
          }
        },
        "EAIntranet_SPGroupSiteOwnerID (cr541_EAIntranet_SPGroupSiteOwnerID)": {
          "defaultValue": "3",
          "type": "String",
          "metadata": {
            "schemaName": "cr541_EAIntranet_SPGroupSiteOwnerID"
          }
        },
        "EAIntranet_Email_ContentTeam (cr541_EAIntranet_Email_ContentTeam)": {
          "defaultValue": "james@buckinghamdevelopment.co.uk",
          "type": "String",
          "metadata": {
            "schemaName": "cr541_EAIntranet_Email_ContentTeam"
          }
        },
        "EAIntranet_Email_InternalCommsTeam (cr541_EAIntranet_Email_InternalCommsTeam)": {
          "defaultValue": "DefraApprovers@buckinghamdevelopment.co.uk",
          "type": "String",
          "metadata": {
            "schemaName": "cr541_EAIntranet_Email_InternalCommsTeam"
          }
        }
      },
      "triggers": {
        "manual": {
          "splitOn": "@triggerBody()['rows']",
          "metadata": {
            "operationMetadataId": "89cd6e27-2a14-45ab-8c82-e0d10533fbf0"
          },
          "type": "Request",
          "kind": "ApiConnection",
          "inputs": {
            "schema": {
              "type": "object",
              "properties": {
                "rows": {
                  "type": "array",
                  "items": {
                    "type": "object",
                    "properties": {
                      "text": {
                        "title": "Please approve or reject this submission",
                        "type": "string",
                        "x-ms-dynamically-added": true,
                        "description": "Please select your decision",
                        "x-ms-content-hint": "TEXT",
                        "enum": [
                          "Approve",
                          "Reject"
                        ]
                      },
                      "text_1": {
                        "title": "Comments",
                        "type": "string",
                        "x-ms-dynamically-added": true,
                        "description": "Please enter any comments to send to the submitter",
                        "x-ms-content-hint": "TEXT"
                      },
                      "entity": {
                        "type": "object",
                        "properties": {
                          "ID": {
                            "title": "ID",
                            "type": "integer",
                            "format": "int64"
                          }
                        },
                        "required": [
                          "ID"
                        ]
                      }
                    },
                    "required": [
                      "text",
                      "entity"
                    ]
                  }
                }
              },
              "required": [
                "rows"
              ]
            },
            "host": {
              "connection": {
                "name": "@parameters('$connections')['shared_sharepointonline_1']['connectionId']"
              }
            },
            "operationId": "GetItemHybridTriggerSchema",
            "parameters": {
              "dataset": "@parameters('EAIntranet_Datasource_SPSite (cr541_EAIntranet_Datasource_SPSite)')",
              "table": "@parameters('EAIntranet_Datasource_List_ICICS (cr541_EAIntranet_Datasource_List_ICICS)')"
            }
          },
          "conditions": []
        }
      },
      "actions": {
        "Initialize_txtApprovalDecision": {
          "runAfter": {
            "Initialize_intSPGroupSiteOwnerID": [
              "Succeeded"
            ]
          },
          "metadata": {
            "operationMetadataId": "170f2e34-5390-4a51-944f-83c9468b3d1b"
          },
          "type": "InitializeVariable",
          "inputs": {
            "variables": [
              {
                "name": "txtApprovalDecision",
                "type": "string"
              }
            ]
          }
        },
        "Update_submission_item_status_and_set_email_sent_flag": {
          "runAfter": {
            "Send_an_email_to_the_submitter": [
              "Succeeded"
            ]
          },
          "metadata": {
            "operationMetadataId": "6fe84a6c-dfb2-423a-82fa-c6cf3d3025b2"
          },
          "type": "OpenApiConnection",
          "inputs": {
            "host": {
              "connectionName": "shared_sharepointonline",
              "operationId": "HttpRequest",
              "apiId": "/providers/Microsoft.PowerApps/apis/shared_sharepointonline"
            },
            "parameters": {
              "dataset": "@variables('txtSiteURL')",
              "parameters/method": "POST",
              "parameters/uri": "/_api/web/Lists('@{variables('txtListGuid')}')/items(@{triggerBody()?['entity']?['ID']})/validateUpdateListItem",
              "parameters/headers": {
                "content-type": "application/json;odata=verbose",
                "accept": "application/json;odata=verbose"
              },
              "parameters/body": "{\n    \"formValues\":[\n\t{\n\t    \"FieldName\": \"ContentSubmissionStatus\",\n\t    \"FieldValue\": \"@{variables('txtApprovalDecision')}\"\n\t}\n    ]\n}"
            },
            "authentication": {
              "type": "Raw",
              "value": "@json(decodeBase64(triggerOutputs().headers['X-MS-APIM-Tokens']))['$ConnectionKey']"
            }
          }
        },
        "Get_submission_item": {
          "runAfter": {
            "Initialize_txtSiteURL": [
              "Succeeded"
            ]
          },
          "metadata": {
            "operationMetadataId": "22565e8a-b1aa-45dc-ad17-39576d5de4fe"
          },
          "type": "OpenApiConnection",
          "inputs": {
            "host": {
              "connectionName": "shared_sharepointonline",
              "operationId": "GetItem",
              "apiId": "/providers/Microsoft.PowerApps/apis/shared_sharepointonline"
            },
            "parameters": {
              "dataset": "@variables('txtSiteURL')",
              "table": "@variables('txtListGuid')",
              "id": "@triggerBody()?['entity']?['ID']"
            },
            "authentication": {
              "type": "Raw",
              "value": "@json(decodeBase64(triggerOutputs().headers['X-MS-APIM-Tokens']))['$ConnectionKey']"
            }
          }
        },
        "Initialize_txtSiteURL": {
          "runAfter": {
            "Initialize_txtListGuid": [
              "Succeeded"
            ]
          },
          "metadata": {
            "operationMetadataId": "f08a8f4b-9e64-46e7-9741-82f6e19a8547"
          },
          "type": "InitializeVariable",
          "inputs": {
            "variables": [
              {
                "name": "txtSiteURL",
                "type": "string",
                "value": "@parameters('EAIntranet_Datasource_SPSite (cr541_EAIntranet_Datasource_SPSite)')"
              }
            ]
          }
        },
        "Reset_inheritance_on_the_submission": {
          "runAfter": {
            "Update_submission_item_status_and_set_email_sent_flag": [
              "Succeeded"
            ]
          },
          "metadata": {
            "operationMetadataId": "5ac21558-4d28-4911-8751-02c12de37ed3"
          },
          "type": "OpenApiConnection",
          "inputs": {
            "host": {
              "connectionName": "shared_sharepointonline",
              "operationId": "HttpRequest",
              "apiId": "/providers/Microsoft.PowerApps/apis/shared_sharepointonline"
            },
            "parameters": {
              "dataset": "@variables('txtSiteURL')",
              "parameters/method": "POST",
              "parameters/uri": "/_api/web/Lists('@{variables('txtListGuid')}')/items(@{outputs('Get_submission_item')?['body/ID']})/ResetRoleInheritance",
              "parameters/headers": {
                "content-type": "application/json;odata=verbose",
                "accept": "application/json;odata=verbose"
              }
            },
            "authentication": {
              "type": "Raw",
              "value": "@json(decodeBase64(triggerOutputs().headers['X-MS-APIM-Tokens']))['$ConnectionKey']"
            }
          }
        },
        "Break_inheritance_on_the_submission_and_remove_all_the_permissions": {
          "runAfter": {
            "Reset_inheritance_on_the_submission": [
              "Succeeded"
            ]
          },
          "metadata": {
            "operationMetadataId": "c2962875-eac5-4d9b-a8ae-37fdf1e19835"
          },
          "type": "OpenApiConnection",
          "inputs": {
            "host": {
              "connectionName": "shared_sharepointonline",
              "operationId": "HttpRequest",
              "apiId": "/providers/Microsoft.PowerApps/apis/shared_sharepointonline"
            },
            "parameters": {
              "dataset": "@variables('txtSiteURL')",
              "parameters/method": "POST",
              "parameters/uri": "/_api/web/Lists('@{variables('txtListGuid')}')/items(@{outputs('Get_submission_item')?['body/ID']})/BreakRoleInheritance(copyRoleAssignments=false,clearSubscopes=true)",
              "parameters/headers": {
                "content-type": "application/json;odata=verbose",
                "accept": "application/json;odata=verbose"
              }
            },
            "authentication": {
              "type": "Raw",
              "value": "@json(decodeBase64(triggerOutputs().headers['X-MS-APIM-Tokens']))['$ConnectionKey']"
            }
          }
        },
        "Give_back_the_SharePoint_site_owners_group_full_control_": {
          "runAfter": {
            "Break_inheritance_on_the_submission_and_remove_all_the_permissions": [
              "Succeeded"
            ]
          },
          "metadata": {
            "operationMetadataId": "a329e0e1-069b-49e5-a9f0-3579b822f871"
          },
          "type": "OpenApiConnection",
          "inputs": {
            "host": {
              "connectionName": "shared_sharepointonline",
              "operationId": "HttpRequest",
              "apiId": "/providers/Microsoft.PowerApps/apis/shared_sharepointonline"
            },
            "parameters": {
              "dataset": "@variables('txtSiteURL')",
              "parameters/method": "POST",
              "parameters/uri": "/_api/web/Lists('@{variables('txtListGuid')}')/items(@{outputs('Get_submission_item')?['body/ID']})/roleAssignments/AddRoleAssignment(PrincipalId=@{variables('intSPGroupSiteOwnerID')}, roleDefId=1073741829)",
              "parameters/headers": {
                "content-type": "application/json;odata=verbose",
                "accept": "application/json;odata=verbose"
              }
            },
            "authentication": {
              "type": "Raw",
              "value": "@json(decodeBase64(triggerOutputs().headers['X-MS-APIM-Tokens']))['$ConnectionKey']"
            }
          }
        },
        "Grant_the_submitter_rights_to_read_this_submission": {
          "runAfter": {
            "Give_the_SharePoint_approvers_group_read_permissions": [
              "Succeeded"
            ]
          },
          "metadata": {
            "operationMetadataId": "8bd7bbea-bdc6-47f7-8af3-37a55f751ffd"
          },
          "type": "OpenApiConnection",
          "inputs": {
            "host": {
              "connectionName": "shared_sharepointonline",
              "operationId": "GrantAccess",
              "apiId": "/providers/Microsoft.PowerApps/apis/shared_sharepointonline"
            },
            "parameters": {
              "dataset": "@variables('txtSiteURL')",
              "table": "@variables('txtListGuid')",
              "id": "@outputs('Get_submission_item')?['body/ID']",
              "parameter/recipients": "@outputs('Get_submission_item')?['body/Author/Email']",
              "parameter/roleValue": "role:1073741826",
              "parameter/sendEmail": false
            },
            "authentication": {
              "type": "Raw",
              "value": "@json(decodeBase64(triggerOutputs().headers['X-MS-APIM-Tokens']))['$ConnectionKey']"
            }
          }
        },
        "Give_the_SharePoint_approvers_group_read_permissions": {
          "runAfter": {
            "Give_back_the_SharePoint_site_owners_group_full_control_": [
              "Succeeded"
            ]
          },
          "metadata": {
            "operationMetadataId": "fed44818-d27c-4eb1-8c8f-7cf03f315b40"
          },
          "type": "OpenApiConnection",
          "inputs": {
            "host": {
              "connectionName": "shared_sharepointonline",
              "operationId": "HttpRequest",
              "apiId": "/providers/Microsoft.PowerApps/apis/shared_sharepointonline"
            },
            "parameters": {
              "dataset": "@variables('txtSiteURL')",
              "parameters/method": "POST",
              "parameters/uri": "/_api/web/Lists('@{variables('txtListGuid')}')/items(@{outputs('Get_submission_item')?['body/ID']})/roleAssignments/AddRoleAssignment(PrincipalId=@{variables('intSPGroupApproversID')}, roleDefId=1073741826)",
              "parameters/headers": {
                "content-type": "application/json;odata=verbose",
                "accept": "application/json;odata=verbose"
              }
            },
            "authentication": {
              "type": "Raw",
              "value": "@json(decodeBase64(triggerOutputs().headers['X-MS-APIM-Tokens']))['$ConnectionKey']"
            }
          }
        },
        "Initialize_intSPGroupApproversID": {
          "runAfter": {},
          "metadata": {
            "operationMetadataId": "12c4d9df-ff41-4972-a16b-479a18b5da42"
          },
          "type": "InitializeVariable",
          "inputs": {
            "variables": [
              {
                "name": "intSPGroupApproversID",
                "type": "integer",
                "value": "@int(parameters('EAIntranet_SPGroupApproversID (cr541_EAIntranet_SPGroupApproversID)'))"
              }
            ]
          }
        },
        "Initialize_intSPGroupSiteOwnerID": {
          "runAfter": {
            "Initialize_intSPGroupApproversID": [
              "Succeeded"
            ]
          },
          "metadata": {
            "operationMetadataId": "68839310-5279-40e9-bff0-aed3ad2a534d"
          },
          "type": "InitializeVariable",
          "inputs": {
            "variables": [
              {
                "name": "intSPGroupSiteOwnerID",
                "type": "integer",
                "value": "@int(parameters('EAIntranet_SPGroupSiteOwnerID (cr541_EAIntranet_SPGroupSiteOwnerID)'))"
              }
            ]
          }
        },
        "Send_an_email_to_the_submitter": {
          "runAfter": {
            "Is_this_a_content_or_event_submission": [
              "Succeeded"
            ]
          },
          "metadata": {
            "operationMetadataId": "a6f25aad-989d-400e-b8ad-7e8de5031e8d"
          },
          "type": "OpenApiConnection",
          "inputs": {
            "host": {
              "connectionName": "shared_office365",
              "operationId": "SendEmailV2",
              "apiId": "/providers/Microsoft.PowerApps/apis/shared_office365"
            },
            "parameters": {
              "emailMessage/To": "@outputs('Get_submission_item')?['body/Author/Email']",
              "emailMessage/Subject": "@variables('txtEmailSubjectLine')",
              "emailMessage/Body": "<style>\n    .summaryTitle {\n        color: #0077ff;\n        font-weight: 600;\n        font-size: 1.5em;\n   }\n    .summaryDivider {\n        border-top: 1px solid #0077ff;\n    }\n    .summaryTxt {\n        font-family: \"Segoe UI\", Arial, sans-serif;\n    }\n    .summaryTable tr,th,td {\n        font-family: \"Segoe UI\", Arial, sans-serif;text-align: left\n    }\n    .summaryTable th {\n        padding-right: 10px\n    }\n</style>\n@{variables('txtEmailBody')}\n<div style=\"margin:15px 0px\"><hr class=\"summaryDivider\"/></div>\n<p class=\"summaryTxt\"><a href=\"@{variables('txtSiteURL')}/@{outputs('Get_submission_item')?['body/{Path}']}/DispForm.aspx?ID=@{triggerBody()?['entity']?['ID']}\">Review the full submission details</a></p>",
              "emailMessage/ReplyTo": "@variables('txtEmailApproverAddresses')",
              "emailMessage/Importance": "Normal"
            },
            "authentication": {
              "type": "Raw",
              "value": "@json(decodeBase64(triggerOutputs().headers['X-MS-APIM-Tokens']))['$ConnectionKey']"
            }
          }
        },
        "Get_submitters_profile": {
          "runAfter": {
            "Did_they_approve_or_reject_the_submission": [
              "Succeeded"
            ]
          },
          "metadata": {
            "operationMetadataId": "29763c7d-d3ac-4cb7-ae32-7c00a81f74ca"
          },
          "type": "OpenApiConnection",
          "inputs": {
            "host": {
              "connectionName": "shared_office365users",
              "operationId": "UserProfile_V2",
              "apiId": "/providers/Microsoft.PowerApps/apis/shared_office365users"
            },
            "parameters": {
              "id": "@outputs('Get_submission_item')?['body/Author/Email']"
            },
            "authentication": {
              "type": "Raw",
              "value": "@json(decodeBase64(triggerOutputs().headers['X-MS-APIM-Tokens']))['$ConnectionKey']"
            }
          }
        },
        "Did_they_approve_or_reject_the_submission": {
          "actions": {
            "Set_txtApprovalDecision_to_Approved": {
              "runAfter": {},
              "metadata": {
                "operationMetadataId": "5ff0821e-312c-4aae-b490-7daf9a312605"
              },
              "type": "SetVariable",
              "inputs": {
                "name": "txtApprovalDecision",
                "value": "Approved"
              }
            }
          },
          "runAfter": {
            "Has_this_item_been_processed_before": [
              "Succeeded"
            ]
          },
          "else": {
            "actions": {
              "Set_txtApprovalDecision_to_Rejected": {
                "runAfter": {},
                "metadata": {
                  "operationMetadataId": "44d7b25a-d0e7-4de1-b666-4fd0bf72979f"
                },
                "type": "SetVariable",
                "inputs": {
                  "name": "txtApprovalDecision",
                  "value": "Rejected"
                }
              }
            }
          },
          "expression": {
            "equals": [
              "@triggerBody()['text']",
              "Approve"
            ]
          },
          "metadata": {
            "operationMetadataId": "ae8f0efe-2ba8-48ef-b043-5d9b3777cdcf"
          },
          "type": "If"
        },
        "Initialize_txtListGuid": {
          "runAfter": {
            "Initialize_txtEmailBody": [
              "Succeeded"
            ]
          },
          "metadata": {
            "operationMetadataId": "c518f74c-dcc9-4fbd-865e-29de4be5bcd8"
          },
          "type": "InitializeVariable",
          "inputs": {
            "variables": [
              {
                "name": "txtListGuid",
                "type": "string",
                "value": "@parameters('EAIntranet_Datasource_List_ICICS (cr541_EAIntranet_Datasource_List_ICICS)')"
              }
            ]
          }
        },
        "Has_this_item_been_processed_before": {
          "actions": {
            "It_has_so_terminate_the_workflow": {
              "runAfter": {},
              "metadata": {
                "operationMetadataId": "31233ab3-10d8-4c0d-9300-b746092fd645"
              },
              "type": "Terminate",
              "inputs": {
                "runStatus": "Cancelled"
              }
            }
          },
          "runAfter": {
            "Get_submission_item": [
              "Succeeded"
            ]
          },
          "expression": {
            "not": {
              "equals": [
                "@outputs('Get_submission_item')?['body/ContentSubmissionStatus/Value']",
                "Pending Approval"
              ]
            }
          },
          "metadata": {
            "operationMetadataId": "ae8f0efe-2ba8-48ef-b043-5d9b3777cdcf"
          },
          "type": "If"
        },
        "Is_this_a_content_or_event_submission": {
          "actions": {
            "Content_-_Set_txtEmailSubjectLine": {
              "runAfter": {
                "Content_-_Set_txtEmailBody": [
                  "Succeeded"
                ]
              },
              "metadata": {
                "operationMetadataId": "1dfef38f-9477-4c4e-8fde-b32c9e8c0789"
              },
              "type": "SetVariable",
              "inputs": {
                "name": "txtEmailSubjectLine",
                "value": "Your Intranet Content Submission - @{outputs('Get_submission_item')?['body/Title']} - @{variables('txtApprovalDecision')}"
              }
            },
            "Content_-_Set_txtEmailBody": {
              "runAfter": {},
              "metadata": {
                "operationMetadataId": "ea505b82-972a-4449-97a9-f08a31149c11"
              },
              "type": "SetVariable",
              "inputs": {
                "name": "txtEmailBody",
                "value": "<h1 class=\"summaryTitle\">Your intranet content submission has been @{toLower(variables('txtApprovalDecision'))}</h1>\n<hr class=\"summaryDivider\"/>\n<p class=\"summaryTxt \">Hi  @{outputs('Get_submitters_profile')?['body/givenName']}.</p>\n<p>Here is a summary of your submission.</p>\n<table class=\"summaryTable\">\n    <tr>\n        <th>Title:</th>\n        <td>@{outputs('Get_submission_item')?['body/Title']}</td>\n    </tr>\n    <tr>\n        <th>Date/Time of Submission:</th>\n        <td>@{formatDateTime(outputs('Get_submission_item')?['body/Created'], 'dd/MM/yyyy @ HH:mm')}</td>\n    </tr>\n     <tr>\n         <th>Approval Decision:</th>\n         <td><span style=\"font-weight:bold\">@{variables('txtApprovalDecision')}</span></td>\n     </tr>\n    <tr>\n         <th colspan=\"2\">&nbsp;</th>\n    </tr>\n    <tr>\n         <th colspan=\"2\">Approver Team Feedback (if any provided):</th>\n    </tr>\n</table>\n@{outputs('Apply_HTML_formatting_to_the_new_line_formatting_in_the_submitted_text')}"
              }
            },
            "Switch_the_approver_email_address_if_specific_content_types_are_selected": {
              "runAfter": {
                "Content_-_Set_txtEmailSubjectLine": [
                  "Succeeded"
                ]
              },
              "cases": {
                "Content_-_Alert": {
                  "case": "Alert",
                  "actions": {
                    "Content_-_Alert_-_Approvers_email_address_set_to_internal_comms_team": {
                      "runAfter": {},
                      "metadata": {
                        "operationMetadataId": "3a70d5c7-c533-41a4-9784-7c3ee35665d1"
                      },
                      "type": "SetVariable",
                      "inputs": {
                        "name": "txtEmailApproverAddresses",
                        "value": "@variables('txtEmailInternalCommsTeamAddresses')"
                      }
                    }
                  }
                },
                "Content_-_News_Story": {
                  "case": "News Story",
                  "actions": {
                    "Content_-_News_Story_-_Approvers_email_address_set_to_internal_comms_team": {
                      "runAfter": {},
                      "metadata": {
                        "operationMetadataId": "9c531b71-078a-4358-a7de-e1e01d976f0d"
                      },
                      "type": "SetVariable",
                      "inputs": {
                        "name": "txtEmailApproverAddresses",
                        "value": "@variables('txtEmailInternalCommsTeamAddresses')"
                      }
                    }
                  }
                }
              },
              "default": {
                "actions": {}
              },
              "expression": "@outputs('Get_submission_item')?['body/ContentTypes/Value']",
              "metadata": {
                "operationMetadataId": "190b4644-b83a-4b03-a979-2229183a20c0"
              },
              "type": "Switch"
            }
          },
          "runAfter": {
            "Apply_HTML_formatting_to_the_new_line_formatting_in_the_submitted_text": [
              "Succeeded"
            ]
          },
          "else": {
            "actions": {
              "Event_-_Set_txtEmailSubjectLine": {
                "runAfter": {
                  "Event_-_Set_txtEmailBody": [
                    "Succeeded"
                  ]
                },
                "metadata": {
                  "operationMetadataId": "ec860611-90bb-46c6-8278-ae71d1692de9"
                },
                "type": "SetVariable",
                "inputs": {
                  "name": "txtEmailSubjectLine",
                  "value": "Your Intranet Event Submission - @{outputs('Get_submission_item')?['body/Title']} - @{variables('txtApprovalDecision')}"
                }
              },
              "Event_-_Approvers_email_address_set_to_internal_comms_team": {
                "runAfter": {},
                "metadata": {
                  "operationMetadataId": "670da24d-60a4-4a16-99cf-5b086fd0afb4"
                },
                "type": "SetVariable",
                "inputs": {
                  "name": "txtEmailApproverAddresses",
                  "value": "@variables('txtEmailInternalCommsTeamAddresses')"
                }
              },
              "Event_-_Set_txtEmailBody": {
                "runAfter": {
                  "Event_-_Approvers_email_address_set_to_internal_comms_team": [
                    "Succeeded"
                  ]
                },
                "metadata": {
                  "operationMetadataId": "6b2532d0-c07a-4d45-ab41-10c673ec18f0"
                },
                "type": "SetVariable",
                "inputs": {
                  "name": "txtEmailBody",
                  "value": "<h1 class=\"summaryTitle\">Your intranet event submission has been @{toLower(variables('txtApprovalDecision'))}</h1>\n<hr class=\"summaryDivider\"/>\n<p class=\"summaryTxt \">Hi  @{outputs('Get_submitters_profile')?['body/givenName']}.</p>\n<p>Here is a summary of your submission.</p>\n<table class=\"summaryTable\">\n    <tr>\n        <th>Title:</th>\n        <td>@{outputs('Get_submission_item')?['body/Title']}</td>\n    </tr>\n    <tr>\n        <th>Date/Time of Submission:</th>\n        <td>@{formatDateTime(outputs('Get_submission_item')?['body/Created'], 'dd/MM/yyyy @ HH:mm')}</td>\n    </tr>\n     <tr>\n         <th>Approval Decision:</th>\n         <td><span style=\"font-weight:bold\">@{variables('txtApprovalDecision')}</span></td>\n     </tr>\n    <tr>\n         <th colspan=\"2\">&nbsp;</th>\n    </tr>\n    <tr>\n         <th colspan=\"2\">Approver Team Feedback (if any provided):</th>\n    </tr>\n</table>\n@{outputs('Apply_HTML_formatting_to_the_new_line_formatting_in_the_submitted_text')}"
                }
              }
            }
          },
          "expression": {
            "startsWith": [
              "@outputs('Get_submission_item')?['body/{ContentType}/Name']",
              "Content Submission Request"
            ]
          },
          "metadata": {
            "operationMetadataId": "2ae4250b-bc26-4caa-bf6a-c0a40ca9d14c"
          },
          "type": "If"
        },
        "Initialize_txtEmailBody": {
          "runAfter": {
            "Initialize_txtEmailSubjectLine": [
              "Succeeded"
            ]
          },
          "metadata": {
            "operationMetadataId": "b72a4ace-b111-4fa4-acff-318f33a7fcaf"
          },
          "type": "InitializeVariable",
          "inputs": {
            "variables": [
              {
                "name": "txtEmailBody",
                "type": "string"
              }
            ]
          }
        },
        "Initialize_txtEmailSubjectLine": {
          "runAfter": {
            "Initialize_txtEmailApproverAddresses": [
              "Succeeded"
            ]
          },
          "metadata": {
            "operationMetadataId": "b09d3255-ed6e-4696-a204-8926dcdc059e"
          },
          "type": "InitializeVariable",
          "inputs": {
            "variables": [
              {
                "name": "txtEmailSubjectLine",
                "type": "string"
              }
            ]
          }
        },
        "Apply_HTML_formatting_to_the_new_line_formatting_in_the_submitted_text": {
          "runAfter": {
            "Get_submitters_profile": [
              "Succeeded"
            ]
          },
          "metadata": {
            "operationMetadataId": "6ffa76b3-fe5d-4cdb-ab48-8e43ffd6388f"
          },
          "type": "Compose",
          "inputs": "@uriComponentToString(replace(uriComponent(triggerOutputs()?['body/text_1']), '%0A', '<br/>'))"
        },
        "Initialize_txtEmailContentTeamAddresses": {
          "runAfter": {
            "Initialize_txtApprovalDecision": [
              "Succeeded"
            ]
          },
          "metadata": {
            "operationMetadataId": "aba8fcc5-e016-4d78-af9b-f607334796cc"
          },
          "type": "InitializeVariable",
          "inputs": {
            "variables": [
              {
                "name": "txtEmailContentTeamAddresses",
                "type": "string",
                "value": "@parameters('EAIntranet_Email_ContentTeam (cr541_EAIntranet_Email_ContentTeam)')"
              }
            ]
          }
        },
        "Initialize_txtEmailInternalCommsTeamAddresses": {
          "runAfter": {
            "Initialize_txtEmailContentTeamAddresses": [
              "Succeeded"
            ]
          },
          "metadata": {
            "operationMetadataId": "aba8fcc5-e016-4d78-af9b-f607334796cc"
          },
          "type": "InitializeVariable",
          "inputs": {
            "variables": [
              {
                "name": "txtEmailInternalCommsTeamAddresses",
                "type": "string",
                "value": "@parameters('EAIntranet_Email_InternalCommsTeam (cr541_EAIntranet_Email_InternalCommsTeam)')"
              }
            ]
          }
        },
        "Initialize_txtEmailApproverAddresses": {
          "runAfter": {
            "Initialize_txtEmailInternalCommsTeamAddresses": [
              "Succeeded"
            ]
          },
          "metadata": {
            "operationMetadataId": "aba8fcc5-e016-4d78-af9b-f607334796cc"
          },
          "type": "InitializeVariable",
          "inputs": {
            "variables": [
              {
                "name": "txtEmailApproverAddresses",
                "type": "string",
                "value": "@variables('txtEmailContentTeamAddresses')"
              }
            ]
          }
        }
      }
    },
    "templateName": ""
  },
  "schemaVersion": "1.0.0.0"
}