<environmentvariabledefinition schemaname="cr541_EAIntranet_Datasource_SPSite">
  <apiid>/providers/microsoft.powerapps/apis/shared_sharepointonline</apiid>
  <displayname default="EAIntranet_Datasource_SPSite">
    <label description="EAIntranet_Datasource_SPSite" languagecode="1033" />
  </displayname>
  <introducedversion>1.1.0.11</introducedversion>
  <iscustomizable>1</iscustomizable>
  <isrequired>0</isrequired>
  <parameterkey>dataset</parameterkey>
  <secretstore>0</secretstore>
  <type>100000004</type>
</environmentvariabledefinition>