<environmentvariabledefinition schemaname="cr541__Intranet_ContentApproval_Configuration_GlobalSettings">
  <description default="Global configuration settings for the solution">
    <label description="Global configuration settings for the solution" languagecode="1033" />
  </description>
  <displayname default="_Intranet_ContentApproval_Configuration_GlobalSettings">
    <label description="_Intranet_ContentApproval_Configuration_GlobalSettings" languagecode="1033" />
  </displayname>
  <introducedversion>1.1.0.17</introducedversion>
  <iscustomizable>1</iscustomizable>
  <isrequired>0</isrequired>
  <secretstore>0</secretstore>
  <type>100000003</type>
</environmentvariabledefinition>