{
  "properties": {
    "connectionReferences": {
      "shared_sharepointonline_1": {
        "runtimeSource": "invoker",
        "connection": {
          "connectionReferenceLogicalName": "cr541_sharedsharepointonline_55552"
        },
        "api": {
          "name": "shared_sharepointonline"
        }
      }
    },
    "definition": {
      "$schema": "https://schema.management.azure.com/providers/Microsoft.Logic/schemas/2016-06-01/workflowdefinition.json#",
      "contentVersion": "1.0.0.0",
      "parameters": {
        "$connections": {
          "defaultValue": {},
          "type": "Object"
        },
        "$authentication": {
          "defaultValue": {},
          "type": "SecureObject"
        },
        "DefraIntranet_SiteURL (cr541_DefraIntranet_SiteURL)": {
          "defaultValue": "https://buckinghamdevelopment.sharepoint.com/sites/DefraIntranet",
          "type": "String",
          "metadata": {
            "schemaName": "cr541_DefraIntranet_SiteURL",
            "description": "The site URL of the Defra Intranet SharePoint site"
          }
        }
      },
      "triggers": {
        "manual": {
          "splitOn": "@triggerBody()['rows']",
          "metadata": {
            "operationMetadataId": "89cd6e27-2a14-45ab-8c82-e0d10533fbf0"
          },
          "type": "Request",
          "kind": "ApiConnection",
          "inputs": {
            "schema": {
              "type": "object",
              "properties": {
                "rows": {
                  "type": "array",
                  "items": {
                    "type": "object",
                    "properties": {
                      "boolean": {
                        "title": "Approve/Reject",
                        "type": "boolean",
                        "x-ms-dynamically-added": true,
                        "description": "Do you wish to approve or reject this submission?",
                        "x-ms-content-hint": "BOOLEAN"
                      }
                    },
                    "required": [
                      "boolean"
                    ]
                  }
                }
              },
              "required": [
                "rows"
              ]
            },
            "host": {
              "connection": {
                "name": "@parameters('$connections')['shared_sharepointonline_1']['connectionId']"
              }
            },
            "operationId": "GetItemHybridTriggerSchema",
            "parameters": {
              "dataset": "@parameters('DefraIntranet_SiteURL (cr541_DefraIntranet_SiteURL)')",
              "table": "8a44b43d-6a10-42cd-939a-d9e5686fb5c6"
            }
          }
        }
      },
      "actions": {
        "Terminate": {
          "runAfter": {},
          "metadata": {
            "operationMetadataId": "debf2759-8bcc-4243-aaf2-556174e35716"
          },
          "type": "Terminate",
          "inputs": {
            "runStatus": "Succeeded"
          }
        }
      }
    },
    "templateName": ""
  },
  "schemaVersion": "1.0.0.0"
}