<environmentvariabledefinition schemaname="cr541_APHAIntranet_Email_InternalCommsTeam">
  <defaultvalue>DefraApprovers@buckinghamdevelopment.co.uk</defaultvalue>
  <displayname default="APHAIntranet_Email_InternalCommsTeam">
    <label description="APHAIntranet_Email_InternalCommsTeam" languagecode="1033" />
  </displayname>
  <introducedversion>1.1.0.14</introducedversion>
  <iscustomizable>1</iscustomizable>
  <isrequired>0</isrequired>
  <secretstore>0</secretstore>
  <type>100000000</type>
</environmentvariabledefinition>