{
  "properties": {
    "connectionReferences": {
      "shared_sharepointonline": {
        "runtimeSource": "embedded",
        "connection": {
          "connectionReferenceLogicalName": "cr541_sharedsharepointonline_55552"
        },
        "api": {
          "name": "shared_sharepointonline"
        }
      },
      "shared_office365users": {
        "runtimeSource": "embedded",
        "connection": {
          "connectionReferenceLogicalName": "new_sharedoffice365users_c6708"
        },
        "api": {
          "name": "shared_office365users"
        }
      },
      "shared_office365": {
        "runtimeSource": "embedded",
        "connection": {
          "connectionReferenceLogicalName": "new_sharedoffice365_fce09"
        },
        "api": {
          "name": "shared_office365"
        }
      }
    },
    "definition": {
      "$schema": "https://schema.management.azure.com/providers/Microsoft.Logic/schemas/2016-06-01/workflowdefinition.json#",
      "contentVersion": "1.0.0.0",
      "parameters": {
        "$connections": {
          "defaultValue": {},
          "type": "Object"
        },
        "$authentication": {
          "defaultValue": {},
          "type": "SecureObject"
        },
        "DefraIntranet_DataSource_SPSite (cr541_DefraIntranet_DataSource_SPSite)": {
          "defaultValue": "https://buckinghamdevelopment.sharepoint.com/sites/DefraIntranet",
          "type": "String",
          "metadata": {
            "schemaName": "cr541_DefraIntranet_DataSource_SPSite"
          }
        },
        "DefraIntranet_DataSource_List_ICICS (cr541_DefraIntranet_DataSource_List_ICICS)": {
          "defaultValue": "89730644-4f5e-48f5-a9be-652e916c360d",
          "type": "String",
          "metadata": {
            "schemaName": "cr541_DefraIntranet_DataSource_List_ICICS"
          }
        }
      },
      "triggers": {
        "When_a_content_or_event_submission_is_created_or_modified": {
          "recurrence": {
            "interval": 5,
            "frequency": "Minute"
          },
          "splitOn": "@triggerOutputs()?['body/value']",
          "metadata": {
            "operationMetadataId": "38c03b58-c5e1-429d-80bd-13c604d3469d"
          },
          "type": "OpenApiConnection",
          "inputs": {
            "host": {
              "connectionName": "shared_sharepointonline",
              "operationId": "GetOnUpdatedItems",
              "apiId": "/providers/Microsoft.PowerApps/apis/shared_sharepointonline"
            },
            "parameters": {
              "dataset": "@parameters('DefraIntranet_DataSource_SPSite (cr541_DefraIntranet_DataSource_SPSite)')",
              "table": "@parameters('DefraIntranet_DataSource_List_ICICS (cr541_DefraIntranet_DataSource_List_ICICS)')"
            },
            "authentication": "@parameters('$authentication')"
          },
          "conditions": [
            {
              "expression": "@and(not(equals(triggerOutputs()?['body/ContentSubmissionStatus/Value'],'Pending Approval')),equals(empty(triggerOutputs()?['body/ContentSubmissionApproveRejectBy']),true))"
            }
          ]
        }
      },
      "actions": {
        "Initialise_txtApprovalDecision": {
          "runAfter": {},
          "metadata": {
            "operationMetadataId": "170f2e34-5390-4a51-944f-83c9468b3d1b"
          },
          "type": "InitializeVariable",
          "inputs": {
            "variables": [
              {
                "name": "txtApprovalDecision",
                "type": "string"
              }
            ]
          }
        },
        "Initialise_txtEmailBody": {
          "runAfter": {
            "Initialise_txtEmailSubjectLine": [
              "Succeeded"
            ]
          },
          "metadata": {
            "operationMetadataId": "b72a4ace-b111-4fa4-acff-318f33a7fcaf"
          },
          "type": "InitializeVariable",
          "inputs": {
            "variables": [
              {
                "name": "txtEmailBody",
                "type": "string"
              }
            ]
          }
        },
        "Initialise_txtEmailSubjectLine": {
          "runAfter": {
            "Initialise_txtEmailApproverAddresses": [
              "Succeeded"
            ]
          },
          "metadata": {
            "operationMetadataId": "b09d3255-ed6e-4696-a204-8926dcdc059e"
          },
          "type": "InitializeVariable",
          "inputs": {
            "variables": [
              {
                "name": "txtEmailSubjectLine",
                "type": "string",
                "value": "Content"
              }
            ]
          }
        },
        "Initialise_txtEmailApproverAddresses": {
          "runAfter": {
            "Initialise_txtApprovalDecision": [
              "Succeeded"
            ]
          },
          "metadata": {
            "operationMetadataId": "aba8fcc5-e016-4d78-af9b-f607334796cc"
          },
          "type": "InitializeVariable",
          "inputs": {
            "variables": [
              {
                "name": "txtEmailApproverAddresses",
                "type": "string"
              }
            ]
          }
        },
        "Workflow_configuration_and_initialisation": {
          "actions": {
            "Find_the_configuration_properties_for_this_ALB_site": {
              "runAfter": {
                "Parse_solution_configuration": [
                  "Succeeded"
                ]
              },
              "metadata": {
                "operationMetadataId": "9ada3547-5701-4557-99f5-b91726c8278d"
              },
              "type": "Query",
              "inputs": {
                "from": "@body('Parse_solution_configuration')?['Sites']",
                "where": "@equals(item()?['Abbreviation'], 'Core Defra')"
              }
            },
            "Site_configuration": {
              "runAfter": {
                "Find_the_configuration_properties_for_this_ALB_site": [
                  "Succeeded"
                ]
              },
              "metadata": {
                "operationMetadataId": "88284bcf-538c-4311-829f-1b4649de2150"
              },
              "type": "ParseJson",
              "inputs": {
                "content": "@first(body('Find_the_configuration_properties_for_this_ALB_site'))",
                "schema": {
                  "type": "object",
                  "properties": {
                    "Abbreviation": {
                      "type": "string"
                    },
                    "EmailAddresses": {
                      "type": "object",
                      "properties": {
                        "ALBNewsApprovers": {
                          "type": "string"
                        },
                        "ContentTeam": {
                          "type": "string"
                        },
                        "InternalCommsTeam": {
                          "type": "string"
                        }
                      }
                    },
                    "SPPermissions": {
                      "type": "object",
                      "properties": {
                        "GroupApproverID": {
                          "type": "string"
                        },
                        "GroupSiteOwnerID": {
                          "type": "string"
                        }
                      }
                    }
                  }
                }
              }
            },
            "Set_txtEmailApproverAddresses": {
              "runAfter": {
                "Site_configuration": [
                  "Succeeded"
                ]
              },
              "metadata": {
                "operationMetadataId": "f240b843-3039-4496-9eae-4bcad86031f4"
              },
              "type": "SetVariable",
              "inputs": {
                "name": "txtEmailApproverAddresses",
                "value": "@body('Site_configuration')?['EmailAddresses']?['ContentTeam']"
              }
            },
            "Parse_solution_configuration": {
              "runAfter": {
                "Get_solution_configuration": [
                  "Succeeded"
                ]
              },
              "metadata": {
                "operationMetadataId": "aa64038c-eef7-42ea-92c6-4bc53e14a075"
              },
              "type": "ParseJson",
              "inputs": {
                "content": "@body('Get_solution_configuration')?['configuration']",
                "schema": {
                  "type": "object",
                  "properties": {
                    "Settings": {
                      "type": "object",
                      "properties": {
                        "Email": {
                          "type": "object",
                          "properties": {
                            "CustomSubjectLabel": {
                              "type": "string"
                            }
                          }
                        }
                      }
                    },
                    "Sites": {
                      "type": "array",
                      "items": {
                        "type": "object",
                        "properties": {
                          "Abbreviation": {
                            "type": "string"
                          },
                          "ApprovalSettings": {
                            "type": "object",
                            "properties": {
                              "AutoApprove": {
                                "type": "string"
                              }
                            }
                          },
                          "EmailAddresses": {
                            "type": "object",
                            "properties": {
                              "ALBNewsApprovers": {
                                "type": "string"
                              },
                              "ALBNewsContactUs": {
                                "type": "string"
                              },
                              "ContentTeam": {
                                "type": "string"
                              },
                              "InternalCommsTeam": {
                                "type": "string"
                              }
                            }
                          },
                          "Site": {
                            "type": "object",
                            "properties": {
                              "URL": {
                                "type": "string"
                              }
                            }
                          },
                          "SPPermissions": {
                            "type": "object",
                            "properties": {
                              "GroupApproverID": {
                                "type": "string"
                              },
                              "GroupSiteOwnerID": {
                                "type": "string"
                              }
                            }
                          }
                        },
                        "required": [
                          "Abbreviation",
                          "ApprovalSettings",
                          "EmailAddresses",
                          "Site",
                          "SPPermissions"
                        ]
                      }
                    }
                  }
                }
              }
            },
            "Get_solution_configuration": {
              "runAfter": {},
              "metadata": {
                "operationMetadataId": "10876a92-03b2-4f54-a065-780075350882"
              },
              "type": "Workflow",
              "inputs": {
                "host": {
                  "workflowReferenceName": "11c01da7-8e9d-ee11-be37-000d3ab696be"
                }
              }
            }
          },
          "runAfter": {
            "txtInternalListName": [
              "Succeeded"
            ]
          },
          "metadata": {
            "operationMetadataId": "972d9a5a-e8a5-4369-b4c2-7d001ab0008f"
          },
          "type": "Scope"
        },
        "Workflow_validation._Should_it_run": {
          "actions": {
            "Get_a_list_of_all_the_users_from_the_assigned_SharePoint_approver_group": {
              "runAfter": {},
              "metadata": {
                "operationMetadataId": "5481b3be-4046-42b6-b76f-eaf618244fb5"
              },
              "type": "OpenApiConnection",
              "inputs": {
                "host": {
                  "connectionName": "shared_sharepointonline",
                  "operationId": "HttpRequest",
                  "apiId": "/providers/Microsoft.PowerApps/apis/shared_sharepointonline"
                },
                "parameters": {
                  "dataset": "@parameters('DefraIntranet_DataSource_SPSite (cr541_DefraIntranet_DataSource_SPSite)')",
                  "parameters/method": "GET",
                  "parameters/uri": "_api/web/sitegroups/getbyid(@{body('Site_configuration')?['SPPermissions']?['GroupApproverID']})/users?$select=Email"
                },
                "authentication": "@parameters('$authentication')"
              }
            },
            "Approvers_-_Loop_through_the_group_member_emails": {
              "foreach": "@body('Get_a_list_of_all_the_users_from_the_assigned_SharePoint_approver_group')?['d']?['results']",
              "actions": {
                "Approvers_-_Is_the_user_who_just_modified_this_entry_in_the_group": {
                  "actions": {
                    "Approvers_-_Set_isValidUser_to_true": {
                      "runAfter": {},
                      "metadata": {
                        "operationMetadataId": "c4e31fb3-dcda-46eb-9403-0f3eec5877d6"
                      },
                      "type": "SetVariable",
                      "inputs": {
                        "name": "IsValidUser",
                        "value": "@true"
                      }
                    }
                  },
                  "runAfter": {},
                  "expression": {
                    "equals": [
                      "@items('Approvers_-_Loop_through_the_group_member_emails')?['Email']",
                      "@triggerOutputs()?['body/Editor/Email']"
                    ]
                  },
                  "metadata": {
                    "operationMetadataId": "87b63908-e21f-4283-996e-c2b726d72b54"
                  },
                  "type": "If"
                }
              },
              "runAfter": {
                "Get_a_list_of_all_the_users_from_the_assigned_SharePoint_approver_group": [
                  "Succeeded"
                ]
              },
              "metadata": {
                "operationMetadataId": "75d117d8-87e0-4e71-b530-75802805bd74"
              },
              "type": "Foreach"
            },
            "The_user_who_modified_this_is_not_in_a_valid_security_group": {
              "actions": {
                "Reset_the_status_back_to_Pending_Approval": {
                  "runAfter": {},
                  "metadata": {
                    "operationMetadataId": "1fbcb242-0dbf-42a1-a8dc-7c8ee353bf6f"
                  },
                  "type": "OpenApiConnection",
                  "inputs": {
                    "host": {
                      "connectionName": "shared_sharepointonline",
                      "operationId": "HttpRequest",
                      "apiId": "/providers/Microsoft.PowerApps/apis/shared_sharepointonline"
                    },
                    "parameters": {
                      "dataset": "@parameters('DefraIntranet_DataSource_SPSite (cr541_DefraIntranet_DataSource_SPSite)')",
                      "parameters/method": "PATCH",
                      "parameters/uri": "_api/web/Lists('@{parameters('DefraIntranet_DataSource_List_ICICS (cr541_DefraIntranet_DataSource_List_ICICS)')}')/items(@{triggerOutputs()?['body/ID']})",
                      "parameters/headers": {
                        "content-type": "application/json;odata=verbose",
                        "IF-MATCH": "*",
                        "X-HTTP-Method": "MERGE"
                      },
                      "parameters/body": "{\n    \"__metadata\": {\n        \"type\": \"SP.Data.@{outputs('txtInternalListName')}ListItem\"\n    },\n    \"ContentSubmissionApproveRejectById\": -1,\n    \"ContentSubmissionStatus\": \"Pending Approval\"\n}"
                    },
                    "authentication": "@parameters('$authentication')"
                  }
                },
                "Invalid_user_tried_to_changed_the_status._Stop_the_workflow": {
                  "runAfter": {
                    "Reset_the_status_back_to_Pending_Approval": [
                      "Succeeded"
                    ]
                  },
                  "metadata": {
                    "operationMetadataId": "115f32f0-4ca0-4e7b-9e30-0d535d24119f"
                  },
                  "type": "Terminate",
                  "inputs": {
                    "runStatus": "Cancelled"
                  }
                }
              },
              "runAfter": {
                "Approvers_-_Loop_through_the_group_member_emails": [
                  "Succeeded"
                ]
              },
              "expression": {
                "equals": [
                  "@variables('IsValidUser')",
                  "@false"
                ]
              },
              "metadata": {
                "operationMetadataId": "951732c5-2c44-4f94-9b5b-9413893b4ba0"
              },
              "type": "If"
            }
          },
          "runAfter": {
            "Workflow_configuration_and_initialisation": [
              "Succeeded"
            ]
          },
          "metadata": {
            "operationMetadataId": "69f1c69a-ed54-40ef-849c-ea297858fdf4"
          },
          "type": "Scope"
        },
        "Main_business_logic": {
          "actions": {
            "Get_submitters_profile": {
              "runAfter": {
                "Did_they_approve_or_reject_the_submission": [
                  "Succeeded"
                ]
              },
              "metadata": {
                "operationMetadataId": "29763c7d-d3ac-4cb7-ae32-7c00a81f74ca"
              },
              "type": "OpenApiConnection",
              "inputs": {
                "host": {
                  "connectionName": "shared_office365users",
                  "operationId": "UserProfile_V2",
                  "apiId": "/providers/Microsoft.PowerApps/apis/shared_office365users"
                },
                "parameters": {
                  "id": "@triggerOutputs()?['body/Author/Email']"
                },
                "authentication": "@parameters('$authentication')"
              }
            },
            "Is_this_a_content_or_event_submission": {
              "actions": {
                "Switch_the_approver_email_address_if_specific_content_types_are_selected": {
                  "runAfter": {},
                  "cases": {
                    "Content_-_Alert": {
                      "case": "Alert",
                      "actions": {
                        "Content_-_Alert_-_Approvers_email_address_set_to_internal_comms_team": {
                          "runAfter": {},
                          "metadata": {
                            "operationMetadataId": "3a70d5c7-c533-41a4-9784-7c3ee35665d1"
                          },
                          "type": "SetVariable",
                          "inputs": {
                            "name": "txtEmailApproverAddresses",
                            "value": "@body('Site_configuration')?['EmailAddresses']?['InternalCommsTeam']"
                          }
                        }
                      }
                    },
                    "Content_-_News_Story": {
                      "case": "News Story",
                      "actions": {
                        "Content_-_News_Story_-_Approvers_email_address_set_to_internal_comms_team": {
                          "runAfter": {},
                          "metadata": {
                            "operationMetadataId": "9c531b71-078a-4358-a7de-e1e01d976f0d"
                          },
                          "type": "SetVariable",
                          "inputs": {
                            "name": "txtEmailApproverAddresses",
                            "value": "@body('Site_configuration')?['EmailAddresses']?['InternalCommsTeam']"
                          }
                        }
                      }
                    }
                  },
                  "default": {
                    "actions": {}
                  },
                  "expression": "@triggerOutputs()?['body/ContentTypes/Value']",
                  "metadata": {
                    "operationMetadataId": "190b4644-b83a-4b03-a979-2229183a20c0"
                  },
                  "type": "Switch"
                }
              },
              "runAfter": {
                "Get_submitters_profile": [
                  "Succeeded"
                ]
              },
              "else": {
                "actions": {
                  "Event_-_Set_txtEmailSubjectLine": {
                    "runAfter": {
                      "Event_-_Approvers_email_address_set_to_internal_comms_team": [
                        "Succeeded"
                      ]
                    },
                    "metadata": {
                      "operationMetadataId": "ec860611-90bb-46c6-8278-ae71d1692de9"
                    },
                    "type": "SetVariable",
                    "inputs": {
                      "name": "txtEmailSubjectLine",
                      "value": "Event"
                    }
                  },
                  "Event_-_Approvers_email_address_set_to_internal_comms_team": {
                    "runAfter": {},
                    "metadata": {
                      "operationMetadataId": "670da24d-60a4-4a16-99cf-5b086fd0afb4"
                    },
                    "type": "SetVariable",
                    "inputs": {
                      "name": "txtEmailApproverAddresses",
                      "value": "@body('Site_configuration')?['EmailAddresses']?['InternalCommsTeam']"
                    }
                  }
                }
              },
              "expression": {
                "startsWith": [
                  "@triggerOutputs()?['body/{ContentType}/Name']",
                  "Content Submission Request"
                ]
              },
              "metadata": {
                "operationMetadataId": "2ae4250b-bc26-4caa-bf6a-c0a40ca9d14c"
              },
              "type": "If"
            },
            "Send_an_email_to_the_content_submitter": {
              "runAfter": {
                "Is_this_a_content_or_event_submission": [
                  "Succeeded"
                ]
              },
              "metadata": {
                "operationMetadataId": "a6f25aad-989d-400e-b8ad-7e8de5031e8d"
              },
              "type": "OpenApiConnection",
              "inputs": {
                "host": {
                  "connectionName": "shared_office365",
                  "operationId": "SendEmailV2",
                  "apiId": "/providers/Microsoft.PowerApps/apis/shared_office365"
                },
                "parameters": {
                  "emailMessage/To": "@triggerOutputs()?['body/Author/Email']",
                  "emailMessage/Subject": "Your Intranet @{variables('txtEmailSubjectLine')} Submission - @{triggerOutputs()?['body/Title']}  - @{variables('txtApprovalDecision')}@{body('Parse_solution_configuration')?['Settings']?['Email']?['CustomSubjectLabel']}",
                  "emailMessage/Body": "<style>\n    .summaryTitle {\n        color: #0077ff;\n        font-weight: 600;\n        font-size: 1.5em;\n   }\n    .summaryDivider {\n        border-top: 1px solid #0077ff;\n    }\n    .summaryTxt {\n        font-family: \"Segoe UI\", Arial, sans-serif;\n    }\n    .summaryTable tr,th,td {\n        font-family: \"Segoe UI\", Arial, sans-serif;text-align: left\n    }\n    .summaryTable th {\n        padding-right: 10px\n    }\n</style>\n<h1 class=\"summaryTitle\">Your Intranet @{variables('txtEmailSubjectLine')} Submission has been @{variables('txtApprovalDecision')}</h1>\n<hr class=\"summaryDivider\"/>\n<p class=\"summaryTxt \">Hi @{outputs('Get_submitters_profile')?['body/givenName']}.</p>\n<p>Here is a summary of your submission.</p>\n<table class=\"summaryTable\">\n    <tr>\n        <th>Title:</th>\n        <td>@{triggerOutputs()?['body/Title']}</td>\n    </tr>\n    <tr>\n        <th>Date/Time of Submission:</th>\n        <td>@{formatDateTime(triggerOutputs()?['body/Created'], 'dd/MM/yyyy @ HH:mm')}</td>\n    </tr>\n     <tr>\n         <th>Approval Decision:</th>\n         <td><span style=\"font-weight:bold\">@{variables('txtApprovalDecision')}</span></td>\n     </tr>\n</table>\n<div style=\"margin:15px 0px\"><hr class=\"summaryDivider\"/></div>\n<p class=\"summaryTxt\"><a href=\"@{parameters('DefraIntranet_DataSource_SPSite (cr541_DefraIntranet_DataSource_SPSite)')}/@{triggerOutputs()?['body/{Path}']}/DispForm.aspx?ID=@{triggerOutputs()?['body/ID']}\">Review the full submission details</a></p>",
                  "emailMessage/ReplyTo": "@variables('txtEmailApproverAddresses')",
                  "emailMessage/Importance": "Normal"
                },
                "authentication": "@parameters('$authentication')"
              }
            },
            "Reset_inheritance_on_the_submission": {
              "runAfter": {
                "Make_the_Modified_By_user_our_approver": [
                  "Succeeded"
                ]
              },
              "metadata": {
                "operationMetadataId": "5ac21558-4d28-4911-8751-02c12de37ed3"
              },
              "type": "OpenApiConnection",
              "inputs": {
                "host": {
                  "connectionName": "shared_sharepointonline",
                  "operationId": "HttpRequest",
                  "apiId": "/providers/Microsoft.PowerApps/apis/shared_sharepointonline"
                },
                "parameters": {
                  "dataset": "@parameters('DefraIntranet_DataSource_SPSite (cr541_DefraIntranet_DataSource_SPSite)')",
                  "parameters/method": "POST",
                  "parameters/uri": "/_api/web/Lists('@{parameters('DefraIntranet_DataSource_List_ICICS (cr541_DefraIntranet_DataSource_List_ICICS)')}')/items(@{triggerOutputs()?['body/ID']})/ResetRoleInheritance",
                  "parameters/headers": {
                    "content-type": "application/json;odata=verbose",
                    "accept": "application/json;odata=verbose"
                  }
                },
                "authentication": "@parameters('$authentication')"
              }
            },
            "Break_inheritance_on_the_submission_and_remove_all_the_permissions": {
              "runAfter": {
                "Reset_inheritance_on_the_submission": [
                  "Succeeded"
                ]
              },
              "metadata": {
                "operationMetadataId": "c2962875-eac5-4d9b-a8ae-37fdf1e19835"
              },
              "type": "OpenApiConnection",
              "inputs": {
                "host": {
                  "connectionName": "shared_sharepointonline",
                  "operationId": "HttpRequest",
                  "apiId": "/providers/Microsoft.PowerApps/apis/shared_sharepointonline"
                },
                "parameters": {
                  "dataset": "@parameters('DefraIntranet_DataSource_SPSite (cr541_DefraIntranet_DataSource_SPSite)')",
                  "parameters/method": "POST",
                  "parameters/uri": "/_api/web/Lists('@{parameters('DefraIntranet_DataSource_List_ICICS (cr541_DefraIntranet_DataSource_List_ICICS)')}')/items(@{triggerOutputs()?['body/ID']})/BreakRoleInheritance(copyRoleAssignments=false,clearSubscopes=true)",
                  "parameters/headers": {
                    "content-type": "application/json;odata=verbose",
                    "accept": "application/json;odata=verbose"
                  }
                },
                "authentication": "@parameters('$authentication')"
              }
            },
            "Give_back_the_SharePoint_site_owners_group_full_control_": {
              "runAfter": {
                "Break_inheritance_on_the_submission_and_remove_all_the_permissions": [
                  "Succeeded"
                ]
              },
              "metadata": {
                "operationMetadataId": "a329e0e1-069b-49e5-a9f0-3579b822f871"
              },
              "type": "OpenApiConnection",
              "inputs": {
                "host": {
                  "connectionName": "shared_sharepointonline",
                  "operationId": "HttpRequest",
                  "apiId": "/providers/Microsoft.PowerApps/apis/shared_sharepointonline"
                },
                "parameters": {
                  "dataset": "@parameters('DefraIntranet_DataSource_SPSite (cr541_DefraIntranet_DataSource_SPSite)')",
                  "parameters/method": "POST",
                  "parameters/uri": "/_api/web/Lists('@{parameters('DefraIntranet_DataSource_List_ICICS (cr541_DefraIntranet_DataSource_List_ICICS)')}')/items(@{triggerOutputs()?['body/ID']})/roleAssignments/AddRoleAssignment(PrincipalId=@{body('Site_configuration')?['SPPermissions']?['GroupSiteOwnerID']}, roleDefId=1073741829)",
                  "parameters/headers": {
                    "content-type": "application/json;odata=verbose",
                    "accept": "application/json;odata=verbose"
                  }
                },
                "authentication": "@parameters('$authentication')"
              }
            },
            "Give_the_SharePoint_approvers_group_read_permissions": {
              "runAfter": {
                "Give_back_the_SharePoint_site_owners_group_full_control_": [
                  "Succeeded"
                ]
              },
              "metadata": {
                "operationMetadataId": "fed44818-d27c-4eb1-8c8f-7cf03f315b40"
              },
              "type": "OpenApiConnection",
              "inputs": {
                "host": {
                  "connectionName": "shared_sharepointonline",
                  "operationId": "HttpRequest",
                  "apiId": "/providers/Microsoft.PowerApps/apis/shared_sharepointonline"
                },
                "parameters": {
                  "dataset": "@parameters('DefraIntranet_DataSource_SPSite (cr541_DefraIntranet_DataSource_SPSite)')",
                  "parameters/method": "POST",
                  "parameters/uri": "/_api/web/Lists('@{parameters('DefraIntranet_DataSource_List_ICICS (cr541_DefraIntranet_DataSource_List_ICICS)')}')/items(@{triggerOutputs()?['body/ID']})/roleAssignments/AddRoleAssignment(PrincipalId=@{body('Site_configuration')?['SPPermissions']?['GroupApproverID']}, roleDefId=1073741826)",
                  "parameters/headers": {
                    "content-type": "application/json;odata=verbose",
                    "accept": "application/json;odata=verbose"
                  }
                },
                "authentication": "@parameters('$authentication')"
              }
            },
            "Grant_the_submitter_rights_to_read_this_submission": {
              "runAfter": {
                "Give_the_SharePoint_approvers_group_read_permissions": [
                  "Succeeded"
                ]
              },
              "metadata": {
                "operationMetadataId": "8bd7bbea-bdc6-47f7-8af3-37a55f751ffd"
              },
              "type": "OpenApiConnection",
              "inputs": {
                "host": {
                  "connectionName": "shared_sharepointonline",
                  "operationId": "GrantAccess",
                  "apiId": "/providers/Microsoft.PowerApps/apis/shared_sharepointonline"
                },
                "parameters": {
                  "dataset": "@parameters('DefraIntranet_DataSource_SPSite (cr541_DefraIntranet_DataSource_SPSite)')",
                  "table": "@parameters('DefraIntranet_DataSource_List_ICICS (cr541_DefraIntranet_DataSource_List_ICICS)')",
                  "id": "@triggerOutputs()?['body/ID']",
                  "parameter/recipients": "@triggerOutputs()?['body/Author/Email']",
                  "parameter/roleValue": "role:1073741826",
                  "parameter/sendEmail": false
                },
                "authentication": "@parameters('$authentication')"
              }
            },
            "Did_they_approve_or_reject_the_submission": {
              "actions": {
                "Set_txtApprovalDecision_to_Approved": {
                  "runAfter": {},
                  "metadata": {
                    "operationMetadataId": "5ff0821e-312c-4aae-b490-7daf9a312605"
                  },
                  "type": "SetVariable",
                  "inputs": {
                    "name": "txtApprovalDecision",
                    "value": "Approved"
                  }
                }
              },
              "runAfter": {},
              "else": {
                "actions": {
                  "Set_txtApprovalDecision_to_Rejected": {
                    "runAfter": {},
                    "metadata": {
                      "operationMetadataId": "5ff0821e-312c-4aae-b490-7daf9a312605"
                    },
                    "type": "SetVariable",
                    "inputs": {
                      "name": "txtApprovalDecision",
                      "value": "Rejected"
                    }
                  }
                }
              },
              "expression": {
                "equals": [
                  "@triggerOutputs()?['body/ContentSubmissionStatus/Value']",
                  "Approved"
                ]
              },
              "metadata": {
                "operationMetadataId": "ae8f0efe-2ba8-48ef-b043-5d9b3777cdcf"
              },
              "type": "If"
            },
            "Make_the_Modified_By_user_our_approver": {
              "runAfter": {
                "Get_Modified_By_user_details": [
                  "Succeeded"
                ]
              },
              "metadata": {
                "operationMetadataId": "5ac21558-4d28-4911-8751-02c12de37ed3"
              },
              "type": "OpenApiConnection",
              "inputs": {
                "host": {
                  "connectionName": "shared_sharepointonline",
                  "operationId": "HttpRequest",
                  "apiId": "/providers/Microsoft.PowerApps/apis/shared_sharepointonline"
                },
                "parameters": {
                  "dataset": "@parameters('DefraIntranet_DataSource_SPSite (cr541_DefraIntranet_DataSource_SPSite)')",
                  "parameters/method": "PATCH",
                  "parameters/uri": "_api/web/Lists('@{parameters('DefraIntranet_DataSource_List_ICICS (cr541_DefraIntranet_DataSource_List_ICICS)')}')/items(@{triggerOutputs()?['body/ID']})",
                  "parameters/headers": {
                    "content-type": "application/json;odata=verbose",
                    "IF-MATCH": "*",
                    "X-HTTP-Method": "MERGE"
                  },
                  "parameters/body": "{\n    \"__metadata\": {\n        \"type\": \"SP.Data.@{outputs('txtInternalListName')}ListItem\"\n    },\n    \"ContentSubmissionApproveRejectById\": @{body('Get_Modified_By_user_details')?['d']?['Id']}\n}"
                },
                "authentication": "@parameters('$authentication')"
              }
            },
            "Get_Modified_By_user_details": {
              "runAfter": {
                "Send_an_email_to_the_content_submitter": [
                  "Succeeded"
                ]
              },
              "metadata": {
                "operationMetadataId": "29a0e812-f250-43a3-9042-6582c416c94a"
              },
              "type": "OpenApiConnection",
              "inputs": {
                "host": {
                  "connectionName": "shared_sharepointonline",
                  "operationId": "HttpRequest",
                  "apiId": "/providers/Microsoft.PowerApps/apis/shared_sharepointonline"
                },
                "parameters": {
                  "dataset": "@parameters('DefraIntranet_DataSource_SPSite (cr541_DefraIntranet_DataSource_SPSite)')",
                  "parameters/method": "GET",
                  "parameters/uri": "_api/web/SiteUsers/getByEmail('@{triggerOutputs()?['body/Editor/Email']}')"
                },
                "authentication": "@parameters('$authentication')"
              }
            }
          },
          "runAfter": {
            "Workflow_validation._Should_it_run": [
              "Succeeded"
            ]
          },
          "metadata": {
            "operationMetadataId": "7413254b-606a-4221-b235-7f6df99a807c"
          },
          "type": "Scope"
        },
        "txtInternalListName": {
          "runAfter": {
            "Initialize_IsValidUser": [
              "Succeeded"
            ]
          },
          "metadata": {
            "operationMetadataId": "19ae183e-59c1-4a24-be0e-549f2a004cd6"
          },
          "type": "Compose",
          "inputs": "@split(triggerOutputs()?['body/{FullPath}'],'/')[1]"
        },
        "Initialize_IsValidUser": {
          "runAfter": {
            "Initialise_txtEmailBody": [
              "Succeeded"
            ]
          },
          "metadata": {
            "operationMetadataId": "ef778a9a-a23e-492a-b856-673daebbd85c"
          },
          "type": "InitializeVariable",
          "inputs": {
            "variables": [
              {
                "name": "IsValidUser",
                "type": "boolean",
                "value": "@false"
              }
            ]
          }
        }
      }
    },
    "templateName": ""
  },
  "schemaVersion": "1.0.0.0"
}