<environmentvariabledefinition schemaname="cr541_DefraIntranet_ApproversEmailAddresses">
  <description default="The email addresses of the content submissions approvers for the Defra Intranet SharePoint site">
    <label description="The email addresses of the content submissions approvers for the Defra Intranet SharePoint site" languagecode="1033" />
  </description>
  <displayname default="DefraIntranet_ApproverEmailAddresses">
    <label description="DefraIntranet_ApproverEmailAddresses" languagecode="1033" />
  </displayname>
  <introducedversion>1.1.0.4</introducedversion>
  <iscustomizable>1</iscustomizable>
  <isrequired>0</isrequired>
  <secretstore>0</secretstore>
  <type>100000000</type>
</environmentvariabledefinition>