<environmentvariabledefinition schemaname="cr541_DefraIntranetConfiguration">
  <defaultvalue>{"Sites":{"Defra":{"Abbreviation":"Defra","EmailAddresses":{"ALBNewsApprovers":"DefraApprovers@buckinghamdevelopment.co.uk","ContentTeam":"james@buckinghamdevelopment.co.uk","InternalCommsTeam":"DefraApprovers@buckinghamdevelopment.co.uk"},"SPPermissions":{"GroupApproverID":"3","GroupSiteOwnerID":"5"}},"APHA":{"Abbreviation":"Defra","EmailAddresses":{"ALBNewsApprovers":"APHAApprovers@buckinghamdevelopment.co.uk","ContentTeam":"james@buckinghamdevelopment.co.uk","InternalCommsTeam":"APHAApprovers@buckinghamdevelopment.co.uk"},"SPPermissions":{"GroupApproverID":"3","GroupSiteOwnerID":"5"}},"EA":{"Abbreviation":"EA","EmailAddresses":{"ALBNewsApprovers":"EAApprovers@buckinghamdevelopment.co.uk","ContentTeam":"james@buckinghamdevelopment.co.uk","InternalCommsTeam":"EAApprovers@buckinghamdevelopment.co.uk"},"SPPermissions":{"GroupApproverID":"3","GroupSiteOwnerID":"5"}},"MMO":{"Abbreviation":"MMO","EmailAddresses":{"ALBNewsApprovers":"MMOApprovers@buckinghamdevelopment.co.uk","ContentTeam":"james@buckinghamdevelopment.co.uk","InternalCommsTeam":"MMOApprovers@buckinghamdevelopment.co.uk"},"SPPermissions":{"GroupApproverID":"3","GroupSiteOwnerID":"5"}},"NE":{"Abbreviation":"NE","EmailAddresses":{"ALBNewsApprovers":"NEApprovers@buckinghamdevelopment.co.uk","ContentTeam":"james@buckinghamdevelopment.co.uk","InternalCommsTeam":"NEApprovers@buckinghamdevelopment.co.uk"},"SPPermissions":{"GroupApproverID":"3","GroupSiteOwnerID":"5"}},"RPA":{"Abbreviation":"RPA","EmailAddresses":{"ALBNewsApprovers":"RPAApprovers@buckinghamdevelopment.co.uk","ContentTeam":"james@buckinghamdevelopment.co.uk","InternalCommsTeam":"RPAApprovers@buckinghamdevelopment.co.uk"},"SPPermissions":{"GroupApproverID":"3","GroupSiteOwnerID":"5"}}}}</defaultvalue>
  <displayname default="DefraIntranetConfiguration">
    <label description="DefraIntranetConfiguration" languagecode="1033" />
  </displayname>
  <introducedversion>1.1.0.15</introducedversion>
  <iscustomizable>1</iscustomizable>
  <isrequired>0</isrequired>
  <secretstore>0</secretstore>
  <type>100000003</type>
</environmentvariabledefinition>