{
  "properties": {
    "connectionReferences": {
      "shared_sharepointonline": {
        "runtimeSource": "invoker",
        "connection": {
          "connectionReferenceLogicalName": "new_sharedsharepointonline_3999a"
        },
        "api": {
          "name": "shared_sharepointonline"
        }
      },
      "shared_office365": {
        "runtimeSource": "invoker",
        "connection": {
          "connectionReferenceLogicalName": "new_sharedoffice365_fce09"
        },
        "api": {
          "name": "shared_office365"
        }
      }
    },
    "definition": {
      "$schema": "https://schema.management.azure.com/providers/Microsoft.Logic/schemas/2016-06-01/workflowdefinition.json#",
      "contentVersion": "1.0.0.0",
      "parameters": {
        "$connections": {
          "defaultValue": {},
          "type": "Object"
        },
        "$authentication": {
          "defaultValue": {},
          "type": "SecureObject"
        },
        "DefraIntranet_DataSource_SPSite (cr541_DefraIntranet_DataSource_SPSite)": {
          "defaultValue": "https://buckinghamdevelopment.sharepoint.com/sites/DefraIntranet",
          "type": "String",
          "metadata": {
            "schemaName": "cr541_DefraIntranet_DataSource_SPSite"
          }
        },
        "Intranet_Content_Approvals_Configuration (cr541_Intranet_Content_Approvals_Configuration)": {
          "defaultValue": {
            "Sites": [
              {
                "Abbreviation": "Core Defra",
                "EmailAddresses": {
                  "ALBNewsApprovers": "DefraApprovers@buckinghamdevelopment.co.uk",
                  "ContentTeam": "james@buckinghamdevelopment.co.uk",
                  "InternalCommsTeam": "DefraApprovers@buckinghamdevelopment.co.uk"
                },
                "SPPermissions": {
                  "GroupApproverID": "3",
                  "GroupSiteOwnerID": "5"
                }
              },
              {
                "Abbreviation": "APHA",
                "EmailAddresses": {
                  "ALBNewsApprovers": "APHAApprovers@buckinghamdevelopment.co.uk",
                  "ContentTeam": "james@buckinghamdevelopment.co.uk",
                  "InternalCommsTeam": "APHAApprovers@buckinghamdevelopment.co.uk"
                },
                "SPPermissions": {
                  "GroupApproverID": "3",
                  "GroupSiteOwnerID": "5"
                }
              },
              {
                "Abbreviation": "EA",
                "EmailAddresses": {
                  "ALBNewsApprovers": "EAApprovers@buckinghamdevelopment.co.uk",
                  "ContentTeam": "james@buckinghamdevelopment.co.uk",
                  "InternalCommsTeam": "EAApprovers@buckinghamdevelopment.co.uk"
                },
                "SPPermissions": {
                  "GroupApproverID": "3",
                  "GroupSiteOwnerID": "5"
                }
              },
              {
                "Abbreviation": "MMO",
                "EmailAddresses": {
                  "ALBNewsApprovers": "MMOApprovers@buckinghamdevelopment.co.uk",
                  "ContentTeam": "james@buckinghamdevelopment.co.uk",
                  "InternalCommsTeam": "MMOApprovers@buckinghamdevelopment.co.uk"
                },
                "SPPermissions": {
                  "GroupApproverID": "3",
                  "GroupSiteOwnerID": "5"
                }
              },
              {
                "Abbreviation": "NE",
                "EmailAddresses": {
                  "ALBNewsApprovers": "NEApprovers@buckinghamdevelopment.co.uk",
                  "ContentTeam": "james@buckinghamdevelopment.co.uk",
                  "InternalCommsTeam": "NEApprovers@buckinghamdevelopment.co.uk"
                },
                "SPPermissions": {
                  "GroupApproverID": "3",
                  "GroupSiteOwnerID": "5"
                }
              },
              {
                "Abbreviation": "RPA",
                "EmailAddresses": {
                  "ALBNewsApprovers": "RPAApprovers@buckinghamdevelopment.co.uk",
                  "ContentTeam": "james@buckinghamdevelopment.co.uk",
                  "InternalCommsTeam": "RPAApprovers@buckinghamdevelopment.co.uk"
                },
                "SPPermissions": {
                  "GroupApproverID": "3",
                  "GroupSiteOwnerID": "5"
                }
              }
            ]
          },
          "type": "Object",
          "metadata": {
            "schemaName": "cr541_Intranet_Content_Approvals_Configuration"
          }
        },
        "DefraIntranet_DataSource_List_SPAI (cr541_DefraIntranet_DataSource_List_SPAI)": {
          "defaultValue": "A88083B0-E9A4-4F12-8379-AE34EB67E529",
          "type": "String",
          "metadata": {
            "schemaName": "cr541_DefraIntranet_DataSource_List_SPAI"
          }
        },
        "DefraIntranet_DataSource_List_SitePages (cr541_DefraIntranet_DataSource_List_SitePages)": {
          "defaultValue": "ad354d4b-4d34-4805-92d4-9cc543f26224",
          "type": "String",
          "metadata": {
            "schemaName": "cr541_DefraIntranet_DataSource_List_SitePages"
          }
        }
      },
      "triggers": {
        "manual": {
          "splitOn": "@triggerBody()['rows']",
          "metadata": {
            "operationMetadataId": "03058e83-8cb3-43d5-82ad-c1fb7023308e"
          },
          "type": "Request",
          "kind": "ApiConnection",
          "inputs": {
            "schema": {
              "type": "object",
              "properties": {
                "rows": {
                  "type": "array",
                  "items": {
                    "type": "object",
                    "properties": {
                      "text": {
                        "title": "Comments",
                        "type": "string",
                        "x-ms-dynamically-added": true,
                        "description": "Please enter any comment(s) you would like to add to this approval notification. IMPORTANT NOTE: This workflow will not run if this is not a news article and this article has not been published.",
                        "x-ms-content-hint": "TEXT"
                      },
                      "entity": {
                        "type": "object",
                        "properties": {
                          "ID": {
                            "title": "ID",
                            "type": "integer",
                            "format": "int64"
                          }
                        },
                        "required": [
                          "ID"
                        ]
                      }
                    },
                    "required": [
                      "entity"
                    ]
                  }
                }
              },
              "required": [
                "rows"
              ]
            },
            "host": {
              "connection": {
                "name": "@parameters('$connections')['shared_sharepointonline']['connectionId']"
              }
            },
            "operationId": "GetItemHybridTriggerSchema",
            "parameters": {
              "dataset": "@parameters('DefraIntranet_DataSource_SPSite (cr541_DefraIntranet_DataSource_SPSite)')",
              "table": "@parameters('DefraIntranet_DataSource_List_SitePages (cr541_DefraIntranet_DataSource_List_SitePages)')"
            }
          }
        }
      },
      "actions": {
        "Parse_solution_configuration": {
          "runAfter": {
            "Initialize_arrayOrgIntranetApproved": [
              "Succeeded"
            ]
          },
          "metadata": {
            "operationMetadataId": "48965e69-3462-4123-8799-bebfdbdb7014"
          },
          "type": "ParseJson",
          "inputs": {
            "content": "@parameters('Intranet_Content_Approvals_Configuration (cr541_Intranet_Content_Approvals_Configuration)')",
            "schema": {
              "type": "object",
              "properties": {
                "Sites": {
                  "type": "array",
                  "items": {
                    "type": "object",
                    "properties": {
                      "Abbreviation": {
                        "type": "string"
                      },
                      "EmailAddresses": {
                        "type": "object",
                        "properties": {
                          "ALBNewsApprovers": {
                            "type": "string"
                          },
                          "ContentTeam": {
                            "type": "string"
                          },
                          "InternalCommsTeam": {
                            "type": "string"
                          }
                        }
                      },
                      "SPPermissions": {
                        "type": "object",
                        "properties": {
                          "GroupApproverID": {
                            "type": "string"
                          },
                          "GroupSiteOwnerID": {
                            "type": "string"
                          }
                        }
                      }
                    },
                    "required": [
                      "Abbreviation",
                      "EmailAddresses",
                      "SPPermissions"
                    ]
                  }
                }
              }
            }
          }
        },
        "Get_item_properties": {
          "runAfter": {
            "Parse_solution_configuration": [
              "Succeeded"
            ]
          },
          "metadata": {
            "operationMetadataId": "961fca86-1541-4df8-8ed8-5cdee09a7923"
          },
          "type": "OpenApiConnection",
          "inputs": {
            "host": {
              "connectionName": "shared_sharepointonline",
              "operationId": "GetItem",
              "apiId": "/providers/Microsoft.PowerApps/apis/shared_sharepointonline"
            },
            "parameters": {
              "dataset": "@parameters('DefraIntranet_DataSource_SPSite (cr541_DefraIntranet_DataSource_SPSite)')",
              "table": "@parameters('DefraIntranet_DataSource_List_SitePages (cr541_DefraIntranet_DataSource_List_SitePages)')",
              "id": "@triggerBody()?['entity']?['ID']"
            },
            "authentication": {
              "type": "Raw",
              "value": "@json(decodeBase64(triggerOutputs().headers['X-MS-APIM-Tokens']))['$ConnectionKey']"
            }
          }
        },
        "Initialize_arrayOrgIntranetApproved": {
          "runAfter": {
            "Initialize_arrayOrgIntranet": [
              "Succeeded"
            ]
          },
          "metadata": {
            "operationMetadataId": "e044e07f-4244-42cd-a3f8-b5630a8725d2"
          },
          "type": "InitializeVariable",
          "inputs": {
            "variables": [
              {
                "name": "arrayOrgIntranetApproved",
                "type": "array"
              }
            ]
          }
        },
        "Initialize_arrayOrgIntranet": {
          "runAfter": {},
          "metadata": {
            "operationMetadataId": "e044e07f-4244-42cd-a3f8-b5630a8725d2"
          },
          "type": "InitializeVariable",
          "inputs": {
            "variables": [
              {
                "name": "arrayOrgIntranetsContentEditorInput",
                "type": "array"
              }
            ]
          }
        },
        "This_flow_will_only_run_against_published_news_articles_and_a_major_version": {
          "actions": {
            "This_is_either_a_page,_its_a_minor_version_or_the_Org_Intranet_is_empty": {
              "runAfter": {},
              "metadata": {
                "operationMetadataId": "4137d861-7f19-41d3-9b5f-040541de2f5a"
              },
              "type": "Terminate",
              "inputs": {
                "runStatus": "Cancelled"
              }
            }
          },
          "runAfter": {
            "No_ALBs_have_been_selected_": [
              "Succeeded"
            ]
          },
          "expression": {
            "and": [
              {
                "or": [
                  {
                    "not": {
                      "equals": [
                        "@outputs('Get_item_properties')?['body/PromotedState']",
                        2
                      ]
                    }
                  },
                  {
                    "greaterOrEquals": [
                      "@outputs('Looking_for_a_minor_version')",
                      1
                    ]
                  },
                  {
                    "equals": [
                      "@outputs('No_ALBs_have_been_selected_')",
                      "@true"
                    ]
                  }
                ]
              }
            ]
          },
          "metadata": {
            "operationMetadataId": "70f18cfb-fb83-407d-9415-9f625b0e4ef5"
          },
          "type": "If"
        },
        "Process_the_chosen_ALBs_values_from_the_Organisation_Intranet_column": {
          "foreach": "@outputs('Get_item_properties')?['body/OrganisationIntranetsContentEditorInput']",
          "actions": {
            "Create_Site_Page_Approval_Information": {
              "runAfter": {},
              "metadata": {
                "operationMetadataId": "ef82b5db-f4f8-416c-894c-36827cfaee92"
              },
              "type": "OpenApiConnection",
              "inputs": {
                "host": {
                  "connectionName": "shared_sharepointonline",
                  "operationId": "PostItem",
                  "apiId": "/providers/Microsoft.PowerApps/apis/shared_sharepointonline"
                },
                "parameters": {
                  "dataset": "@parameters('DefraIntranet_DataSource_SPSite (cr541_DefraIntranet_DataSource_SPSite)')",
                  "table": "@parameters('DefraIntranet_DataSource_List_SPAI (cr541_DefraIntranet_DataSource_List_SPAI)')",
                  "item/Title": "@items('Process_the_chosen_ALBs_values_from_the_Organisation_Intranet_column')?['Label']",
                  "item/AssociatedSitePage/Id": "@outputs('Get_item_properties')?['body/ID']",
                  "item/ContentSubmissionStatus/Value": "Pending Approval",
                  "item/DateOfApprovalRequest": "@utcNow()"
                },
                "authentication": {
                  "type": "Raw",
                  "value": "@json(decodeBase64(triggerOutputs().headers['X-MS-APIM-Tokens']))['$ConnectionKey']"
                }
              }
            },
            "Get_the_configuration_properties_for_this_ALB": {
              "runAfter": {
                "Create_Site_Page_Approval_Information": [
                  "Succeeded"
                ]
              },
              "metadata": {
                "operationMetadataId": "9ada3547-5701-4557-99f5-b91726c8278d"
              },
              "type": "Query",
              "inputs": {
                "from": "@body('Parse_solution_configuration')?['Sites']",
                "where": "@equals(item()?['Abbreviation'], items('Process_the_chosen_ALBs_values_from_the_Organisation_Intranet_column')?['Label'])"
              }
            },
            "Send_the_approval_email_to_assigned_email_addresses": {
              "runAfter": {
                "Get_the_configuration_properties_for_this_ALB": [
                  "Succeeded"
                ]
              },
              "metadata": {
                "operationMetadataId": "f0c2db16-997f-45fd-9a0f-b43dd962c229"
              },
              "type": "OpenApiConnectionWebhook",
              "inputs": {
                "host": {
                  "connectionName": "shared_office365",
                  "operationId": "SendMailWithOptions",
                  "apiId": "/providers/Microsoft.PowerApps/apis/shared_office365"
                },
                "parameters": {
                  "optionsEmailSubscription/Message/To": "@first(body('Get_the_configuration_properties_for_this_ALB'))?['EmailAddresses']?['ALBNewsApprovers']",
                  "optionsEmailSubscription/Message/Subject": "Defra News Article Approval - @{outputs('Get_item_properties')?['body/Title']}",
                  "optionsEmailSubscription/Message/Options": "Approve, Reject",
                  "optionsEmailSubscription/Message/Importance": "Normal",
                  "optionsEmailSubscription/Message/HideHTMLMessage": false,
                  "optionsEmailSubscription/Message/ShowHTMLConfirmationDialog": false,
                  "optionsEmailSubscription/Message/HideMicrosoftFooter": true
                },
                "authentication": {
                  "type": "Raw",
                  "value": "@json(decodeBase64(triggerOutputs().headers['X-MS-APIM-Tokens']))['$ConnectionKey']"
                }
              }
            },
            "Did_they_approve_the_article_going_live_on_their_Intranet": {
              "actions": {
                "Approved_-_Rebuild_the_Org_Intranet_Approving_column_and_append_the_new_ALB": {
                  "foreach": "@outputs('Renew_item_properties')?['body/OrganisationIntranets']",
                  "actions": {
                    "Approved_-_Populate_the_array_with_the_existing_ALBs": {
                      "runAfter": {},
                      "metadata": {
                        "operationMetadataId": "77e93a0f-6a72-468e-a393-af0f74af728c"
                      },
                      "type": "AppendToArrayVariable",
                      "inputs": {
                        "name": "arrayOrgIntranetApproved",
                        "value": {
                          "Value": "@{items('Approved_-_Rebuild_the_Org_Intranet_Approving_column_and_append_the_new_ALB')?['Label']}|@{items('Approved_-_Rebuild_the_Org_Intranet_Approving_column_and_append_the_new_ALB')?['TermGuid']}"
                        }
                      }
                    }
                  },
                  "runAfter": {},
                  "metadata": {
                    "operationMetadataId": "098f92e2-014f-4019-b05d-e442505f56ad"
                  },
                  "type": "Foreach"
                },
                "Approved_-_Append_the_new_ALB_to_the_array": {
                  "runAfter": {
                    "Approved_-_Rebuild_the_Org_Intranet_Approving_column_and_append_the_new_ALB": [
                      "Succeeded"
                    ]
                  },
                  "metadata": {
                    "operationMetadataId": "292b1255-b415-4ac6-80df-44905718ec1a"
                  },
                  "type": "AppendToArrayVariable",
                  "inputs": {
                    "name": "arrayOrgIntranetApproved",
                    "value": {
                      "Value": "@{items('Process_the_chosen_ALBs_values_from_the_Organisation_Intranet_column')?['Label']}|@{items('Process_the_chosen_ALBs_values_from_the_Organisation_Intranet_column')?['TermGuid']}"
                    }
                  }
                },
                "Approved_-_Update_the_Org_Intranet_Approved_column": {
                  "runAfter": {
                    "Approved_-_Append_the_new_ALB_to_the_array": [
                      "Succeeded"
                    ]
                  },
                  "metadata": {
                    "operationMetadataId": "3a5f2363-ec4c-47bc-9bd1-f1e9196476e8"
                  },
                  "type": "OpenApiConnection",
                  "inputs": {
                    "host": {
                      "connectionName": "shared_sharepointonline",
                      "operationId": "PatchItem",
                      "apiId": "/providers/Microsoft.PowerApps/apis/shared_sharepointonline"
                    },
                    "parameters": {
                      "dataset": "@parameters('DefraIntranet_DataSource_SPSite (cr541_DefraIntranet_DataSource_SPSite)')",
                      "table": "@parameters('DefraIntranet_DataSource_List_SitePages (cr541_DefraIntranet_DataSource_List_SitePages)')",
                      "id": "@outputs('Renew_item_properties')?['body/ID']",
                      "item/OrganisationIntranets": "@variables('arrayOrgIntranetApproved')"
                    },
                    "authentication": {
                      "type": "Raw",
                      "value": "@json(decodeBase64(triggerOutputs().headers['X-MS-APIM-Tokens']))['$ConnectionKey']"
                    }
                  }
                },
                "Approved_-_Only_republish_the_page_if_it_was_a_major_version_before": {
                  "actions": {
                    "Approved_-_Republish_the_site_page": {
                      "runAfter": {},
                      "metadata": {
                        "operationMetadataId": "ee28c505-1b29-4612-bab3-89ebd57ffd09"
                      },
                      "type": "OpenApiConnection",
                      "inputs": {
                        "host": {
                          "connectionName": "shared_sharepointonline",
                          "operationId": "HttpRequest",
                          "apiId": "/providers/Microsoft.PowerApps/apis/shared_sharepointonline"
                        },
                        "parameters": {
                          "dataset": "@parameters('DefraIntranet_DataSource_SPSite (cr541_DefraIntranet_DataSource_SPSite)')",
                          "parameters/method": "POST",
                          "parameters/uri": "_api/sitepages/pages('@{outputs('Get_item_properties')?['body/ID']}')/publish()"
                        },
                        "authentication": {
                          "type": "Raw",
                          "value": "@json(decodeBase64(triggerOutputs().headers['X-MS-APIM-Tokens']))['$ConnectionKey']"
                        }
                      }
                    }
                  },
                  "runAfter": {
                    "Approved_-_Update_the_Org_Intranet_Approved_column": [
                      "Succeeded"
                    ]
                  },
                  "expression": {
                    "equals": [
                      "@outputs('Is_the_site_page_now_a_major_or_minor_version')",
                      0
                    ]
                  },
                  "metadata": {
                    "operationMetadataId": "9e780ac2-39fb-430c-b713-61f948b760b8"
                  },
                  "type": "If"
                }
              },
              "runAfter": {
                "Is_the_site_page_now_a_major_or_minor_version": [
                  "Succeeded"
                ]
              },
              "else": {
                "actions": {
                  "Rejected_-_Rebuild_the_Org_Intranet_column_and_remove_the_rejecting_ALB": {
                    "foreach": "@outputs('Renew_item_properties')?['body/OrganisationIntranetsContentEditorInput']",
                    "actions": {
                      "Rejected_-_Is_this_the_ALB_that_rejected._We_do_not_reintroduce_it": {
                        "actions": {},
                        "runAfter": {},
                        "else": {
                          "actions": {
                            "Rejected_-_Valid_ALB_so_we_can_add_it_back_into_the_Org_Intranet_column": {
                              "runAfter": {},
                              "metadata": {
                                "operationMetadataId": "292b1255-b415-4ac6-80df-44905718ec1a"
                              },
                              "type": "AppendToArrayVariable",
                              "inputs": {
                                "name": "arrayOrgIntranetsContentEditorInput",
                                "value": {
                                  "Value": "@{items('Rejected_-_Rebuild_the_Org_Intranet_column_and_remove_the_rejecting_ALB')?['Label']}|@{items('Rejected_-_Rebuild_the_Org_Intranet_column_and_remove_the_rejecting_ALB')?['TermGuid']}"
                                }
                              }
                            }
                          }
                        },
                        "expression": {
                          "equals": [
                            "@items('Process_the_chosen_ALBs_values_from_the_Organisation_Intranet_column')?['TermGuid']",
                            "@items('Rejected_-_Rebuild_the_Org_Intranet_column_and_remove_the_rejecting_ALB')?['TermGuid']"
                          ]
                        },
                        "metadata": {
                          "operationMetadataId": "e19c3eea-2243-4dfc-a3b1-4bd1b38c64d0"
                        },
                        "type": "If"
                      }
                    },
                    "runAfter": {},
                    "metadata": {
                      "operationMetadataId": "a69671eb-df99-4556-bd4b-ee68e63d14b0"
                    },
                    "type": "Foreach"
                  },
                  "Rejected_-_Update_the_Org_Intranet_columns": {
                    "runAfter": {
                      "Rejected_-_Rebuild_the_Org_Intranet_Approval_column_and_remove_the_rejecting_ALB": [
                        "Succeeded"
                      ]
                    },
                    "metadata": {
                      "operationMetadataId": "3a5f2363-ec4c-47bc-9bd1-f1e9196476e8"
                    },
                    "type": "OpenApiConnection",
                    "inputs": {
                      "host": {
                        "connectionName": "shared_sharepointonline",
                        "operationId": "PatchItem",
                        "apiId": "/providers/Microsoft.PowerApps/apis/shared_sharepointonline"
                      },
                      "parameters": {
                        "dataset": "@parameters('DefraIntranet_DataSource_SPSite (cr541_DefraIntranet_DataSource_SPSite)')",
                        "table": "@parameters('DefraIntranet_DataSource_List_SitePages (cr541_DefraIntranet_DataSource_List_SitePages)')",
                        "id": "@outputs('Renew_item_properties')?['body/ID']",
                        "item/OrganisationIntranetsContentEditorInput": "@variables('arrayOrgIntranetsContentEditorInput')",
                        "item/OrganisationIntranets": "@variables('arrayOrgIntranetsContentEditorInput')"
                      },
                      "authentication": {
                        "type": "Raw",
                        "value": "@json(decodeBase64(triggerOutputs().headers['X-MS-APIM-Tokens']))['$ConnectionKey']"
                      }
                    }
                  },
                  "Rejected_-_Rebuild_the_Org_Intranet_Approval_column_and_remove_the_rejecting_ALB": {
                    "foreach": "@outputs('Renew_item_properties')?['body/OrganisationIntranets']",
                    "actions": {
                      "Rejected_-_Is_this_the_ALB_that_rejected_we_do_not_reintroduce_it_2": {
                        "actions": {},
                        "runAfter": {},
                        "else": {
                          "actions": {
                            "Rejected_-_Valid_ALB_so_we_can_add_it_back_into_the_Approval_column": {
                              "runAfter": {},
                              "metadata": {
                                "operationMetadataId": "292b1255-b415-4ac6-80df-44905718ec1a"
                              },
                              "type": "AppendToArrayVariable",
                              "inputs": {
                                "name": "arrayOrgIntranetApproved",
                                "value": {
                                  "Value": "@{items('Rejected_-_Rebuild_the_Org_Intranet_Approval_column_and_remove_the_rejecting_ALB')?['Label']}|@{items('Rejected_-_Rebuild_the_Org_Intranet_Approval_column_and_remove_the_rejecting_ALB')?['TermGuid']}"
                                }
                              }
                            }
                          }
                        },
                        "expression": {
                          "equals": [
                            "@items('Process_the_chosen_ALBs_values_from_the_Organisation_Intranet_column')?['TermGuid']",
                            "@items('Rejected_-_Rebuild_the_Org_Intranet_Approval_column_and_remove_the_rejecting_ALB')?['TermGuid']"
                          ]
                        },
                        "metadata": {
                          "operationMetadataId": "e19c3eea-2243-4dfc-a3b1-4bd1b38c64d0"
                        },
                        "type": "If"
                      }
                    },
                    "runAfter": {
                      "Rejected_-_Rebuild_the_Org_Intranet_column_and_remove_the_rejecting_ALB": [
                        "Succeeded"
                      ]
                    },
                    "metadata": {
                      "operationMetadataId": "7fe8c790-4ca4-4925-821a-fcbb02eb7ab7"
                    },
                    "type": "Foreach"
                  },
                  "Rejected_-_Only_republish_the_page_if_it_was_a_major_version_before": {
                    "actions": {
                      "Rejected_-_Republish_the_site_page": {
                        "runAfter": {},
                        "metadata": {
                          "operationMetadataId": "ee28c505-1b29-4612-bab3-89ebd57ffd09"
                        },
                        "type": "OpenApiConnection",
                        "inputs": {
                          "host": {
                            "connectionName": "shared_sharepointonline",
                            "operationId": "HttpRequest",
                            "apiId": "/providers/Microsoft.PowerApps/apis/shared_sharepointonline"
                          },
                          "parameters": {
                            "dataset": "@parameters('DefraIntranet_DataSource_SPSite (cr541_DefraIntranet_DataSource_SPSite)')",
                            "parameters/method": "POST",
                            "parameters/uri": "_api/sitepages/pages('@{outputs('Get_item_properties')?['body/ID']}')/publish()"
                          },
                          "authentication": {
                            "type": "Raw",
                            "value": "@json(decodeBase64(triggerOutputs().headers['X-MS-APIM-Tokens']))['$ConnectionKey']"
                          }
                        }
                      }
                    },
                    "runAfter": {
                      "Rejected_-_Update_the_Org_Intranet_columns": [
                        "Succeeded"
                      ]
                    },
                    "expression": {
                      "equals": [
                        "@outputs('Is_the_site_page_now_a_major_or_minor_version')",
                        0
                      ]
                    },
                    "metadata": {
                      "operationMetadataId": "3472a1c4-90ba-4ee0-991c-01d1a582d9a5"
                    },
                    "type": "If"
                  }
                }
              },
              "expression": {
                "equals": [
                  "@outputs('Send_the_approval_email_to_assigned_email_addresses')?['body/SelectedOption']",
                  "Approve"
                ]
              },
              "metadata": {
                "operationMetadataId": "4053116d-551a-4221-bdab-f10d491ab0b1"
              },
              "type": "If"
            },
            "Renew_item_properties": {
              "runAfter": {
                "Send_the_approval_email_to_assigned_email_addresses": [
                  "Succeeded"
                ]
              },
              "metadata": {
                "operationMetadataId": "961fca86-1541-4df8-8ed8-5cdee09a7923"
              },
              "type": "OpenApiConnection",
              "inputs": {
                "host": {
                  "connectionName": "shared_sharepointonline",
                  "operationId": "GetItem",
                  "apiId": "/providers/Microsoft.PowerApps/apis/shared_sharepointonline"
                },
                "parameters": {
                  "dataset": "@parameters('DefraIntranet_DataSource_SPSite (cr541_DefraIntranet_DataSource_SPSite)')",
                  "table": "@parameters('DefraIntranet_DataSource_List_SitePages (cr541_DefraIntranet_DataSource_List_SitePages)')",
                  "id": "@triggerBody()?['entity']?['ID']"
                },
                "authentication": {
                  "type": "Raw",
                  "value": "@json(decodeBase64(triggerOutputs().headers['X-MS-APIM-Tokens']))['$ConnectionKey']"
                }
              }
            },
            "Reset_arrayOrgIntranetApproved": {
              "runAfter": {
                "Renew_item_properties": [
                  "Succeeded"
                ]
              },
              "metadata": {
                "operationMetadataId": "724c796e-3f2d-4466-9a9e-b9e5e3d0b2a6"
              },
              "type": "SetVariable",
              "inputs": {
                "name": "arrayOrgIntranetApproved",
                "value": "@null"
              }
            },
            "Reset_arrayOrgIntranetsContentEditorInput": {
              "runAfter": {
                "Reset_arrayOrgIntranetApproved": [
                  "Succeeded"
                ]
              },
              "metadata": {
                "operationMetadataId": "dae5da57-ceeb-44e9-8d54-73ee5fd32e1b"
              },
              "type": "SetVariable",
              "inputs": {
                "name": "arrayOrgIntranetsContentEditorInput",
                "value": "@null"
              }
            },
            "Update_Site_Page_Approval_Information": {
              "runAfter": {
                "Did_they_approve_the_article_going_live_on_their_Intranet": [
                  "Succeeded"
                ]
              },
              "metadata": {
                "operationMetadataId": "b6d17210-9679-4c14-8796-18f741f114bd"
              },
              "type": "OpenApiConnection",
              "inputs": {
                "host": {
                  "connectionName": "shared_sharepointonline",
                  "operationId": "PatchItem",
                  "apiId": "/providers/Microsoft.PowerApps/apis/shared_sharepointonline"
                },
                "parameters": {
                  "dataset": "@parameters('DefraIntranet_DataSource_SPSite (cr541_DefraIntranet_DataSource_SPSite)')",
                  "table": "@parameters('DefraIntranet_DataSource_List_SPAI (cr541_DefraIntranet_DataSource_List_SPAI)')",
                  "id": "@outputs('Create_Site_Page_Approval_Information')?['body/ID']",
                  "item/ContentSubmissionStatus/Value": "@if(equals(outputs('Send_the_approval_email_to_assigned_email_addresses')?['body/SelectedOption'],'Approve'),'Approved','Rejected')"
                },
                "authentication": {
                  "type": "Raw",
                  "value": "@json(decodeBase64(triggerOutputs().headers['X-MS-APIM-Tokens']))['$ConnectionKey']"
                }
              }
            },
            "Is_the_site_page_now_a_major_or_minor_version": {
              "runAfter": {
                "Reset_arrayOrgIntranetsContentEditorInput": [
                  "Succeeded"
                ]
              },
              "metadata": {
                "operationMetadataId": "4b254482-4c2c-4d86-bf57-b874056b0188"
              },
              "type": "Compose",
              "inputs": "@int(last(split(outputs('Get_item_properties')?['body/{VersionNumber}'], '.')))"
            }
          },
          "runAfter": {
            "Add_the_progress_link_to_the_Approval_Info_column_if_it_does_not_exist": [
              "Succeeded"
            ]
          },
          "metadata": {
            "operationMetadataId": "6f502214-f39f-48bc-8b13-386015403c6f"
          },
          "type": "Foreach",
          "runtimeConfiguration": {
            "concurrency": {
              "repetitions": 20
            }
          }
        },
        "Add_the_progress_link_to_the_Approval_Info_column_if_it_does_not_exist": {
          "actions": {
            "Add_link_to_approval_submission_information": {
              "runAfter": {},
              "metadata": {
                "operationMetadataId": "ee28c505-1b29-4612-bab3-89ebd57ffd09"
              },
              "type": "OpenApiConnection",
              "inputs": {
                "host": {
                  "connectionName": "shared_sharepointonline",
                  "operationId": "HttpRequest",
                  "apiId": "/providers/Microsoft.PowerApps/apis/shared_sharepointonline"
                },
                "parameters": {
                  "dataset": "@parameters('DefraIntranet_DataSource_SPSite (cr541_DefraIntranet_DataSource_SPSite)')",
                  "parameters/method": "POST",
                  "parameters/uri": "_api/web/lists('@{parameters('DefraIntranet_DataSource_List_SitePages (cr541_DefraIntranet_DataSource_List_SitePages)')}')/items('@{outputs('Get_item_properties')?['body/ID']}')",
                  "parameters/headers": {
                    "Accept": "application/json;odata=verbose",
                    "Content-Type": "application/json",
                    "If-Match": "*",
                    "X-HTTP-Method": "MERGE"
                  },
                  "parameters/body": "{\n \"PageApprovalInfo\": {\n \"Url\": \"@{parameters('DefraIntranet_DataSource_SPSite (cr541_DefraIntranet_DataSource_SPSite)')}/Lists/SPAI/AllItems.aspx?FilterField1=AssociatedSitePage&FilterValue1=@{outputs('Get_item_properties')?['body/ID']}&FilterType1=Lookup\",\n \"Description\": \"Review Approval Progress\"\n  }\n}"
                },
                "authentication": {
                  "type": "Raw",
                  "value": "@json(decodeBase64(triggerOutputs().headers['X-MS-APIM-Tokens']))['$ConnectionKey']"
                }
              }
            },
            "Republish_the_page_due_to_approval_link": {
              "runAfter": {
                "Add_link_to_approval_submission_information": [
                  "Succeeded"
                ]
              },
              "metadata": {
                "operationMetadataId": "ee28c505-1b29-4612-bab3-89ebd57ffd09"
              },
              "type": "OpenApiConnection",
              "inputs": {
                "host": {
                  "connectionName": "shared_sharepointonline",
                  "operationId": "HttpRequest",
                  "apiId": "/providers/Microsoft.PowerApps/apis/shared_sharepointonline"
                },
                "parameters": {
                  "dataset": "@parameters('DefraIntranet_DataSource_SPSite (cr541_DefraIntranet_DataSource_SPSite)')",
                  "parameters/method": "POST",
                  "parameters/uri": "_api/sitepages/pages('@{outputs('Get_item_properties')?['body/ID']}')/publish()"
                },
                "authentication": {
                  "type": "Raw",
                  "value": "@json(decodeBase64(triggerOutputs().headers['X-MS-APIM-Tokens']))['$ConnectionKey']"
                }
              }
            }
          },
          "runAfter": {
            "This_flow_will_only_run_against_published_news_articles_and_a_major_version": [
              "Succeeded"
            ]
          },
          "expression": {
            "equals": [
              "@outputs('Get_item_properties')?['body/PageApprovalInfo']",
              "@null"
            ]
          },
          "metadata": {
            "operationMetadataId": "06b5a206-8446-4913-8fe8-dca372b2abc9"
          },
          "type": "If"
        },
        "Looking_for_a_minor_version": {
          "runAfter": {
            "Get_item_properties": [
              "Succeeded"
            ]
          },
          "metadata": {
            "operationMetadataId": "4b254482-4c2c-4d86-bf57-b874056b0188"
          },
          "type": "Compose",
          "inputs": "@int(last(split(outputs('Get_item_properties')?['body/{VersionNumber}'],'.')))"
        },
        "No_ALBs_have_been_selected_": {
          "runAfter": {
            "Looking_for_a_minor_version": [
              "Succeeded"
            ]
          },
          "metadata": {
            "operationMetadataId": "3b643dd0-328d-49c2-b968-7cd8d4feb40e"
          },
          "type": "Compose",
          "inputs": "@empty(outputs('Get_item_properties')?['body/OrganisationIntranetsContentEditorInput'])"
        }
      }
    },
    "templateName": ""
  },
  "schemaVersion": "1.0.0.0"
}