{
  "properties": {
    "connectionReferences": {
      "shared_sharepointonline_1": {
        "runtimeSource": "embedded",
        "connection": {
          "connectionReferenceLogicalName": "cr541_sharedsharepointonline_55552"
        },
        "api": {
          "name": "shared_sharepointonline"
        }
      }
    },
    "definition": {
      "$schema": "https://schema.management.azure.com/providers/Microsoft.Logic/schemas/2016-06-01/workflowdefinition.json#",
      "contentVersion": "1.0.0.0",
      "parameters": {
        "$connections": {
          "defaultValue": {},
          "type": "Object"
        },
        "$authentication": {
          "defaultValue": {},
          "type": "SecureObject"
        },
        "DefraIntranet_DataSource_List_SitePages (cr541_DefraIntranet_DataSource_List_SitePages)": {
          "type": "String",
          "metadata": {
            "schemaName": "cr541_DefraIntranet_DataSource_List_SitePages"
          }
        },
        "DefraIntranet_DataSource_SPSite (cr541_DefraIntranet_DataSource_SPSite)": {
          "type": "String",
          "metadata": {
            "schemaName": "cr541_DefraIntranet_DataSource_SPSite"
          }
        }
      },
      "triggers": {
        "When_an_item_is_created_or_modified": {
          "recurrence": {
            "interval": 5,
            "frequency": "Minute"
          },
          "splitOn": "@triggerOutputs()?['body/value']",
          "metadata": {
            "operationMetadataId": "75d921f1-03cf-4e3d-a44f-43d71083343e"
          },
          "type": "OpenApiConnection",
          "inputs": {
            "host": {
              "connectionName": "shared_sharepointonline_1",
              "operationId": "GetOnUpdatedItems",
              "apiId": "/providers/Microsoft.PowerApps/apis/shared_sharepointonline"
            },
            "parameters": {
              "dataset": "@parameters('DefraIntranet_DataSource_SPSite (cr541_DefraIntranet_DataSource_SPSite)')",
              "table": "@parameters('DefraIntranet_DataSource_List_SitePages (cr541_DefraIntranet_DataSource_List_SitePages)')"
            },
            "authentication": "@parameters('$authentication')"
          }
        }
      },
      "actions": {
        "This_flow_will_only_run_against_published_news_articles_and_minor_version": {
          "actions": {
            "This_is_either_a_page_or_a_minor_version": {
              "runAfter": {},
              "metadata": {
                "operationMetadataId": "4137d861-7f19-41d3-9b5f-040541de2f5a"
              },
              "type": "Terminate",
              "inputs": {
                "runStatus": "Cancelled"
              }
            }
          },
          "runAfter": {
            "Looking_for_a_minor_version": [
              "Succeeded"
            ]
          },
          "expression": {
            "and": [
              {
                "or": [
                  {
                    "not": {
                      "equals": [
                        "@triggerOutputs()?['body/PromotedState']",
                        2
                      ]
                    }
                  },
                  {
                    "equals": [
                      "@outputs('Looking_for_a_minor_version')",
                      0
                    ]
                  }
                ]
              }
            ]
          },
          "metadata": {
            "operationMetadataId": "68aa05ec-16b5-4a78-9f5a-ee0cb4df0f05"
          },
          "type": "If"
        },
        "Initialize_arrayOrgIntranetApproved": {
          "runAfter": {},
          "metadata": {
            "operationMetadataId": "e044e07f-4244-42cd-a3f8-b5630a8725d2"
          },
          "type": "InitializeVariable",
          "inputs": {
            "variables": [
              {
                "name": "arrayOrgIntranetApproved",
                "type": "array"
              }
            ]
          }
        },
        "Looking_for_a_minor_version": {
          "runAfter": {
            "Initialize_blnMismatchFound": [
              "Succeeded"
            ]
          },
          "metadata": {
            "operationMetadataId": "4b254482-4c2c-4d86-bf57-b874056b0188"
          },
          "type": "Compose",
          "inputs": "@int(last(split(triggerOutputs()?['body/{VersionNumber}'], '.')))"
        },
        "Are_the_approving_ALBs_still_in_the_Org_Intranet_column._If_not_remove_them": {
          "foreach": "@triggerOutputs()?['body/OrganisationIntranets']",
          "actions": {
            "Loop_through_the_Org_Intranet_column_in_search_of_this_ALB": {
              "foreach": "@triggerOutputs()?['body/OrganisationIntranetsContentEditorInput']",
              "actions": {
                "If_a_match_is_found_on_termGuids_then_the_ALB_still_exists": {
                  "actions": {
                    "Match_-_This_ALB_is_found_in_both_columns_still": {
                      "runAfter": {},
                      "metadata": {
                        "operationMetadataId": "6a31a39c-c2e8-46ac-b308-ddf8fea6510a"
                      },
                      "type": "SetVariable",
                      "inputs": {
                        "name": "blnMatchFound",
                        "value": "@true"
                      }
                    }
                  },
                  "runAfter": {},
                  "expression": {
                    "equals": [
                      "@items('Are_the_approving_ALBs_still_in_the_Org_Intranet_column._If_not_remove_them')?['TermGuid']",
                      "@items('Loop_through_the_Org_Intranet_column_in_search_of_this_ALB')?['TermGuid']"
                    ]
                  },
                  "metadata": {
                    "operationMetadataId": "fb77aece-eafc-4d42-ab86-0f1994670747"
                  },
                  "type": "If"
                }
              },
              "runAfter": {},
              "metadata": {
                "operationMetadataId": "1e0cc702-cf45-40e3-8eee-941b7c838f30"
              },
              "type": "Foreach"
            },
            "Did_we_have_a_match_on_this_ALB": {
              "actions": {
                "Match_Found_-_This_ALB_can_stay_in_the_Approver_column": {
                  "runAfter": {},
                  "metadata": {
                    "operationMetadataId": "292b1255-b415-4ac6-80df-44905718ec1a"
                  },
                  "type": "AppendToArrayVariable",
                  "inputs": {
                    "name": "arrayOrgIntranetApproved",
                    "value": {
                      "Value": "@{items('Are_the_approving_ALBs_still_in_the_Org_Intranet_column._If_not_remove_them')?['Label']}|@{items('Are_the_approving_ALBs_still_in_the_Org_Intranet_column._If_not_remove_them')?['TermGuid']}"
                    }
                  }
                },
                "Match_Found_-_Reset_the_MatchFound_variable_for_the_next_loop": {
                  "runAfter": {
                    "Match_Found_-_This_ALB_can_stay_in_the_Approver_column": [
                      "Succeeded"
                    ]
                  },
                  "metadata": {
                    "operationMetadataId": "06ff497a-ee03-441a-9ac1-5e5f6aff36d0"
                  },
                  "type": "SetVariable",
                  "inputs": {
                    "name": "blnMatchFound",
                    "value": "@false"
                  }
                }
              },
              "runAfter": {
                "Loop_through_the_Org_Intranet_column_in_search_of_this_ALB": [
                  "Succeeded"
                ]
              },
              "else": {
                "actions": {
                  "Match_Not_Found_-_The_ALBs_TermGuid_did_not_match_to_the_Org_column": {
                    "runAfter": {},
                    "metadata": {
                      "operationMetadataId": "2add47fb-8f7d-4871-a47b-6bc858eb129d"
                    },
                    "type": "SetVariable",
                    "inputs": {
                      "name": "blnMismatchFound",
                      "value": "@true"
                    }
                  }
                }
              },
              "expression": {
                "equals": [
                  "@variables('blnMatchFound')",
                  "@true"
                ]
              },
              "metadata": {
                "operationMetadataId": "03f7ac67-f497-4903-9197-b64094cc1312"
              },
              "type": "If"
            }
          },
          "runAfter": {
            "This_flow_will_only_run_against_published_news_articles_and_minor_version": [
              "Succeeded"
            ]
          },
          "metadata": {
            "operationMetadataId": "0a81a358-ad5e-4715-9bee-2eb20d76126e"
          },
          "type": "Foreach"
        },
        "Initialize_blnMatchFound": {
          "runAfter": {
            "Initialize_arrayOrgIntranetApproved": [
              "Succeeded"
            ]
          },
          "metadata": {
            "operationMetadataId": "e2c5be6f-c8ad-45b4-bfba-d71b032be619"
          },
          "type": "InitializeVariable",
          "inputs": {
            "variables": [
              {
                "name": "blnMatchFound",
                "type": "boolean",
                "value": "@false"
              }
            ]
          }
        },
        "Initialize_blnMismatchFound": {
          "runAfter": {
            "Initialize_blnMatchFound": [
              "Succeeded"
            ]
          },
          "metadata": {
            "operationMetadataId": "e2c5be6f-c8ad-45b4-bfba-d71b032be619"
          },
          "type": "InitializeVariable",
          "inputs": {
            "variables": [
              {
                "name": "blnMismatchFound",
                "type": "boolean",
                "value": "@false"
              }
            ]
          }
        },
        "Was_a_mismatch_found_during_this_run": {
          "actions": {
            "Mismatch_Found_-_Update_the_Org_Intranet_Approved_column": {
              "runAfter": {},
              "metadata": {
                "operationMetadataId": "3a5f2363-ec4c-47bc-9bd1-f1e9196476e8"
              },
              "type": "OpenApiConnection",
              "inputs": {
                "host": {
                  "connectionName": "shared_sharepointonline_1",
                  "operationId": "PatchItem",
                  "apiId": "/providers/Microsoft.PowerApps/apis/shared_sharepointonline"
                },
                "parameters": {
                  "dataset": "@parameters('DefraIntranet_DataSource_SPSite (cr541_DefraIntranet_DataSource_SPSite)')",
                  "table": "@parameters('DefraIntranet_DataSource_List_SitePages (cr541_DefraIntranet_DataSource_List_SitePages)')",
                  "id": "@triggerOutputs()?['body/ID']"
                },
                "authentication": "@parameters('$authentication')"
              }
            }
          },
          "runAfter": {
            "Are_the_approving_ALBs_still_in_the_Org_Intranet_column._If_not_remove_them": [
              "Succeeded"
            ]
          },
          "else": {
            "actions": {
              "Columns_Match_-_Both_columns_are_the_same_so_no_action_is_required": {
                "runAfter": {},
                "metadata": {
                  "operationMetadataId": "d26d1414-b546-42d4-8f1a-96c87091f228"
                },
                "type": "Terminate",
                "inputs": {
                  "runStatus": "Cancelled"
                }
              }
            }
          },
          "expression": {
            "equals": [
              "@variables('blnMismatchFound')",
              "@true"
            ]
          },
          "metadata": {
            "operationMetadataId": "03f7ac67-f497-4903-9197-b64094cc1312"
          },
          "type": "If"
        }
      }
    },
    "templateName": ""
  },
  "schemaVersion": "1.0.0.0"
}