{
  "properties": {
    "connectionReferences": {
      "shared_sharepointonline_1": {
        "runtimeSource": "invoker",
        "connection": {
          "connectionReferenceLogicalName": "cr541_sharedsharepointonline_55552"
        },
        "api": {
          "name": "shared_sharepointonline"
        }
      },
      "shared_office365": {
        "runtimeSource": "invoker",
        "connection": {
          "connectionReferenceLogicalName": "new_sharedoffice365_fce09"
        },
        "api": {
          "name": "shared_office365"
        }
      }
    },
    "definition": {
      "$schema": "https://schema.management.azure.com/providers/Microsoft.Logic/schemas/2016-06-01/workflowdefinition.json#",
      "contentVersion": "1.0.0.0",
      "parameters": {
        "$connections": {
          "defaultValue": {},
          "type": "Object"
        },
        "$authentication": {
          "defaultValue": {},
          "type": "SecureObject"
        },
        "DefraIntranet_DataSource_SPSite (cr541_DefraIntranet_DataSource_SPSite)": {
          "defaultValue": "https://buckinghamdevelopment.sharepoint.com/sites/DefraIntranet",
          "type": "String",
          "metadata": {
            "schemaName": "cr541_DefraIntranet_DataSource_SPSite"
          }
        },
        "DefraIntranet_DataSource_List_SPAI (cr541_DefraIntranet_DataSource_List_SPAI)": {
          "defaultValue": "66B9AF03-881C-4A45-8A85-6A52DC876BAC",
          "type": "String",
          "metadata": {
            "schemaName": "cr541_DefraIntranet_DataSource_List_SPAI"
          }
        },
        "DefraIntranet_DataSource_List_SitePages (cr541_DefraIntranet_DataSource_List_SitePages)": {
          "defaultValue": "ad354d4b-4d34-4805-92d4-9cc543f26224",
          "type": "String",
          "metadata": {
            "schemaName": "cr541_DefraIntranet_DataSource_List_SitePages"
          }
        }
      },
      "triggers": {
        "manual": {
          "splitOn": "@triggerBody()['rows']",
          "metadata": {
            "operationMetadataId": "03058e83-8cb3-43d5-82ad-c1fb7023308e"
          },
          "type": "Request",
          "kind": "ApiConnection",
          "inputs": {
            "schema": {
              "type": "object",
              "properties": {
                "rows": {
                  "type": "array",
                  "items": {
                    "type": "object",
                    "properties": {
                      "entity": {
                        "type": "object",
                        "properties": {
                          "ID": {
                            "title": "ID",
                            "type": "integer",
                            "format": "int64"
                          }
                        },
                        "required": [
                          "ID"
                        ]
                      }
                    },
                    "required": [
                      "entity"
                    ]
                  }
                }
              },
              "required": [
                "rows"
              ]
            },
            "host": {
              "connection": {
                "name": "@parameters('$connections')['shared_sharepointonline_1']['connectionId']"
              }
            },
            "operationId": "GetItemHybridTriggerSchema",
            "parameters": {
              "dataset": "@parameters('DefraIntranet_DataSource_SPSite (cr541_DefraIntranet_DataSource_SPSite)')",
              "table": "@parameters('DefraIntranet_DataSource_List_SitePages (cr541_DefraIntranet_DataSource_List_SitePages)')"
            }
          }
        }
      },
      "actions": {
        "Initialise_arrayOrgIntranetApproved": {
          "runAfter": {
            "Initialise_arrayOrgIntranet": [
              "Succeeded"
            ]
          },
          "metadata": {
            "operationMetadataId": "e044e07f-4244-42cd-a3f8-b5630a8725d2"
          },
          "type": "InitializeVariable",
          "inputs": {
            "variables": [
              {
                "name": "arrayOrgIntranetApproved",
                "type": "array"
              }
            ]
          }
        },
        "Initialise_arrayOrgIntranet": {
          "runAfter": {},
          "metadata": {
            "operationMetadataId": "e044e07f-4244-42cd-a3f8-b5630a8725d2"
          },
          "type": "InitializeVariable",
          "inputs": {
            "variables": [
              {
                "name": "arrayOrgIntranetsContentEditorInput",
                "type": "array"
              }
            ]
          }
        },
        "Workflow_configuration_and_initialisation": {
          "actions": {
            "Get_item_properties": {
              "runAfter": {
                "Parse_solution_configuration": [
                  "Succeeded"
                ]
              },
              "metadata": {
                "operationMetadataId": "961fca86-1541-4df8-8ed8-5cdee09a7923"
              },
              "type": "OpenApiConnection",
              "inputs": {
                "host": {
                  "connectionName": "shared_sharepointonline_1",
                  "operationId": "GetItem",
                  "apiId": "/providers/Microsoft.PowerApps/apis/shared_sharepointonline"
                },
                "parameters": {
                  "dataset": "@parameters('DefraIntranet_DataSource_SPSite (cr541_DefraIntranet_DataSource_SPSite)')",
                  "table": "@parameters('DefraIntranet_DataSource_List_SitePages (cr541_DefraIntranet_DataSource_List_SitePages)')",
                  "id": "@triggerBody()?['entity']?['ID']"
                },
                "authentication": {
                  "type": "Raw",
                  "value": "@json(decodeBase64(triggerOutputs().headers['X-MS-APIM-Tokens']))['$ConnectionKey']"
                }
              }
            },
            "Looking_for_a_minor_version": {
              "runAfter": {
                "Get_item_properties": [
                  "Succeeded"
                ]
              },
              "metadata": {
                "operationMetadataId": "4b254482-4c2c-4d86-bf57-b874056b0188"
              },
              "type": "Compose",
              "inputs": "@int(last(split(outputs('Get_item_properties')?['body/{VersionNumber}'],'.')))"
            },
            "No_ALBs_have_been_selected_": {
              "runAfter": {
                "Looking_for_a_minor_version": [
                  "Succeeded"
                ]
              },
              "metadata": {
                "operationMetadataId": "3b643dd0-328d-49c2-b968-7cd8d4feb40e"
              },
              "type": "Compose",
              "inputs": "@empty(outputs('Get_item_properties')?['body/OrganisationIntranetsContentEditorInput'])"
            },
            "Get_solution_configuration_file": {
              "runAfter": {},
              "metadata": {
                "operationMetadataId": "91f2b98e-ac1c-46fe-a091-9a4b406893df"
              },
              "type": "OpenApiConnection",
              "inputs": {
                "host": {
                  "connectionName": "shared_sharepointonline_1",
                  "operationId": "GetFileContentByPath",
                  "apiId": "/providers/Microsoft.PowerApps/apis/shared_sharepointonline"
                },
                "parameters": {
                  "dataset": "@parameters('DefraIntranet_DataSource_SPSite (cr541_DefraIntranet_DataSource_SPSite)')",
                  "path": "/Shared Documents/configuration.txt",
                  "inferContentType": true
                },
                "authentication": {
                  "type": "Raw",
                  "value": "@json(decodeBase64(triggerOutputs().headers['X-MS-APIM-Tokens']))['$ConnectionKey']"
                }
              }
            },
            "Parse_solution_configuration": {
              "runAfter": {
                "Get_solution_configuration_file": [
                  "Succeeded"
                ]
              },
              "metadata": {
                "operationMetadataId": "48965e69-3462-4123-8799-bebfdbdb7014"
              },
              "type": "ParseJson",
              "inputs": {
                "content": "@body('Get_solution_configuration_file')",
                "schema": {
                  "type": "object",
                  "properties": {
                    "Settings": {
                      "type": "object",
                      "properties": {
                        "Email": {
                          "type": "object",
                          "properties": {
                            "CustomSubjectLabel": {
                              "type": "string"
                            }
                          }
                        }
                      }
                    },
                    "Sites": {
                      "type": "array",
                      "items": {
                        "type": "object",
                        "properties": {
                          "Abbreviation": {
                            "type": "string"
                          },
                          "ApprovalSettings": {
                            "type": "object",
                            "properties": {
                              "AutoApprove": {
                                "type": "string"
                              }
                            }
                          },
                          "EmailAddresses": {
                            "type": "object",
                            "properties": {
                              "ALBNewsApprovers": {
                                "type": "string"
                              },
                              "ContentTeam": {
                                "type": "string"
                              },
                              "InternalCommsTeam": {
                                "type": "string"
                              }
                            }
                          },
                          "SPPermissions": {
                            "type": "object",
                            "properties": {
                              "GroupApproverID": {
                                "type": "string"
                              },
                              "GroupSiteOwnerID": {
                                "type": "string"
                              }
                            }
                          }
                        },
                        "required": [
                          "Abbreviation",
                          "ApprovalSettings",
                          "EmailAddresses",
                          "SPPermissions"
                        ]
                      }
                    }
                  }
                }
              }
            }
          },
          "runAfter": {
            "Initialise_arrayOrgIntranetApproved": [
              "Succeeded"
            ]
          },
          "metadata": {
            "operationMetadataId": "aebe3d7c-416b-4d46-975b-461dc78f2bc9"
          },
          "type": "Scope"
        },
        "Workflow_validation._Should_it_run": {
          "actions": {
            "This_flow_will_only_run_against_published_news_articles": {
              "actions": {
                "This_is_either_a_page,_its_a_minor_version_or_the_Org_Intranet_is_empty": {
                  "runAfter": {},
                  "metadata": {
                    "operationMetadataId": "4137d861-7f19-41d3-9b5f-040541de2f5a"
                  },
                  "type": "Terminate",
                  "inputs": {
                    "runStatus": "Cancelled"
                  }
                }
              },
              "runAfter": {},
              "expression": {
                "and": [
                  {
                    "or": [
                      {
                        "not": {
                          "equals": [
                            "@outputs('Get_item_properties')?['body/PromotedState']",
                            2
                          ]
                        }
                      },
                      {
                        "greater": [
                          "@outputs('Looking_for_a_minor_version')",
                          0
                        ]
                      },
                      {
                        "equals": [
                          "@outputs('No_ALBs_have_been_selected_')",
                          "@true"
                        ]
                      }
                    ]
                  }
                ]
              },
              "metadata": {
                "operationMetadataId": "70f18cfb-fb83-407d-9415-9f625b0e4ef5"
              },
              "type": "If"
            }
          },
          "runAfter": {
            "Workflow_configuration_and_initialisation": [
              "Succeeded"
            ]
          },
          "metadata": {
            "operationMetadataId": "a9f4f660-4752-4d6a-8e19-601925ac5aaa"
          },
          "type": "Scope"
        },
        "Main_business_logic": {
          "actions": {
            "Process_the_chosen_ALBs_values_from_the_Organisation_Intranet_column": {
              "foreach": "@outputs('Get_item_properties')?['body/OrganisationIntranetsContentEditorInput']",
              "actions": {
                "Get_the_configuration_properties_for_this_ALB": {
                  "runAfter": {},
                  "metadata": {
                    "operationMetadataId": "9ada3547-5701-4557-99f5-b91726c8278d"
                  },
                  "type": "Query",
                  "inputs": {
                    "from": "@body('Parse_solution_configuration')?['Sites']",
                    "where": "@equals(item()?['Abbreviation'], items('Process_the_chosen_ALBs_values_from_the_Organisation_Intranet_column')?['Label'])"
                  }
                },
                "Do_we_have_a_configuration_entry_for_this_ALB._Skip_it_if_we_do_not": {
                  "actions": {
                    "Site_Configuration": {
                      "runAfter": {},
                      "metadata": {
                        "operationMetadataId": "91f63ec1-0a00-433c-b469-7a9017446ce0"
                      },
                      "type": "ParseJson",
                      "inputs": {
                        "content": "@first(body('Get_the_configuration_properties_for_this_ALB'))",
                        "schema": {
                          "type": "object",
                          "properties": {
                            "Abbreviation": {
                              "type": "string"
                            },
                            "ApprovalSettings": {
                              "type": "object",
                              "properties": {
                                "AutoApprove": {
                                  "type": "string"
                                }
                              }
                            },
                            "EmailAddresses": {
                              "type": "object",
                              "properties": {
                                "ALBNewsApprovers": {
                                  "type": "string"
                                },
                                "ContentTeam": {
                                  "type": "string"
                                },
                                "InternalCommsTeam": {
                                  "type": "string"
                                }
                              }
                            },
                            "SPPermissions": {
                              "type": "object",
                              "properties": {
                                "GroupApproverID": {
                                  "type": "string"
                                },
                                "GroupSiteOwnerID": {
                                  "type": "string"
                                }
                              }
                            }
                          }
                        }
                      }
                    },
                    "Is_this_ALB_allowing_automatic_approval": {
                      "actions": {
                        "Auto-Approved_-_There_is_an_audit_entry_for_this_approval_already": {
                          "runAfter": {},
                          "metadata": {
                            "operationMetadataId": "758cc4da-b5e4-408b-8afa-d6cdc471d518"
                          },
                          "type": "OpenApiConnection",
                          "inputs": {
                            "host": {
                              "connectionName": "shared_sharepointonline_1",
                              "operationId": "GetItems",
                              "apiId": "/providers/Microsoft.PowerApps/apis/shared_sharepointonline"
                            },
                            "parameters": {
                              "dataset": "@parameters('DefraIntranet_DataSource_SPSite (cr541_DefraIntranet_DataSource_SPSite)')",
                              "table": "@parameters('DefraIntranet_DataSource_List_SPAI (cr541_DefraIntranet_DataSource_List_SPAI)')",
                              "$filter": "((TaxCatchAll/IdForTerm eq '@{items('Process_the_chosen_ALBs_values_from_the_Organisation_Intranet_column')?['TermGuid']}') and (ContentSubmissionStatus eq 'Approved (Automated)') and (AssociatedSitePageId eq @{outputs('Get_item_properties')?['body/ID']}))"
                            },
                            "authentication": {
                              "type": "Raw",
                              "value": "@json(decodeBase64(triggerOutputs().headers['X-MS-APIM-Tokens']))['$ConnectionKey']"
                            }
                          }
                        },
                        "Auto-Approved_-_Only_add_an_audit_entry_for_this_ALB_on_first_entry": {
                          "actions": {
                            "Auto-Approved_-_Create_Site_Page_Approval_Information": {
                              "runAfter": {},
                              "metadata": {
                                "operationMetadataId": "ef82b5db-f4f8-416c-894c-36827cfaee92"
                              },
                              "type": "OpenApiConnection",
                              "inputs": {
                                "host": {
                                  "connectionName": "shared_sharepointonline_1",
                                  "operationId": "PostItem",
                                  "apiId": "/providers/Microsoft.PowerApps/apis/shared_sharepointonline"
                                },
                                "parameters": {
                                  "dataset": "@parameters('DefraIntranet_DataSource_SPSite (cr541_DefraIntranet_DataSource_SPSite)')",
                                  "table": "@parameters('DefraIntranet_DataSource_List_SPAI (cr541_DefraIntranet_DataSource_List_SPAI)')",
                                  "item/AssociatedSitePage/Id": "@outputs('Get_item_properties')?['body/ID']",
                                  "item/OrganisationIntranets/Value": "@{items('Process_the_chosen_ALBs_values_from_the_Organisation_Intranet_column')?['Label']}|@{items('Process_the_chosen_ALBs_values_from_the_Organisation_Intranet_column')?['TermGuid']}",
                                  "item/ContentSubmissionStatus/Value": "Approved (Automated)",
                                  "item/DateOfApprovalRequest": "@convertTimeZone(utcNow(), 'UTC', 'GMT Standard Time')",
                                  "item/DateTimeALBApprovalDecision": "@convertTimeZone(utcNow(), 'UTC', 'GMT Standard Time')",
                                  "item/SPVersionNumber": "@outputs('Get_item_properties')?['body/{VersionNumber}']"
                                },
                                "authentication": {
                                  "type": "Raw",
                                  "value": "@json(decodeBase64(triggerOutputs().headers['X-MS-APIM-Tokens']))['$ConnectionKey']"
                                }
                              }
                            }
                          },
                          "runAfter": {
                            "Auto-Approved_-_There_is_an_audit_entry_for_this_approval_already": [
                              "Succeeded"
                            ]
                          },
                          "expression": {
                            "and": [
                              {
                                "equals": [
                                  "@empty(outputs('Auto-Approved_-_There_is_an_audit_entry_for_this_approval_already')?['body/value'])",
                                  "@true"
                                ]
                              },
                              {
                                "equals": [
                                  "",
                                  ""
                                ]
                              }
                            ]
                          },
                          "metadata": {
                            "operationMetadataId": "9a848f6f-c9a3-4621-a852-54c089bd857f"
                          },
                          "type": "If"
                        }
                      },
                      "runAfter": {
                        "Do_we_have_any_approvals_for_this_ALB_already": [
                          "Succeeded"
                        ]
                      },
                      "else": {
                        "actions": {
                          "ALB_wants_to_approve,_they_have_not_approved_already_or_still_pending_approval": {
                            "actions": {
                              "Create_Site_Page_Approval_Information": {
                                "runAfter": {},
                                "metadata": {
                                  "operationMetadataId": "ef82b5db-f4f8-416c-894c-36827cfaee92"
                                },
                                "type": "OpenApiConnection",
                                "inputs": {
                                  "host": {
                                    "connectionName": "shared_sharepointonline_1",
                                    "operationId": "PostItem",
                                    "apiId": "/providers/Microsoft.PowerApps/apis/shared_sharepointonline"
                                  },
                                  "parameters": {
                                    "dataset": "@parameters('DefraIntranet_DataSource_SPSite (cr541_DefraIntranet_DataSource_SPSite)')",
                                    "table": "@parameters('DefraIntranet_DataSource_List_SPAI (cr541_DefraIntranet_DataSource_List_SPAI)')",
                                    "item/AssociatedSitePage/Id": "@outputs('Get_item_properties')?['body/ID']",
                                    "item/OrganisationIntranets/Value": "@{items('Process_the_chosen_ALBs_values_from_the_Organisation_Intranet_column')?['Label']}|@{items('Process_the_chosen_ALBs_values_from_the_Organisation_Intranet_column')?['TermGuid']}",
                                    "item/ContentSubmissionStatus/Value": "Pending Approval",
                                    "item/DateOfApprovalRequest": "@convertTimeZone(utcNow(),'UTC','GMT Standard Time')",
                                    "item/SPVersionNumber": "@outputs('Get_item_properties')?['body/{VersionNumber}']"
                                  },
                                  "authentication": {
                                    "type": "Raw",
                                    "value": "@json(decodeBase64(triggerOutputs().headers['X-MS-APIM-Tokens']))['$ConnectionKey']"
                                  }
                                }
                              },
                              "Send_the_approval_email_to_assigned_email_addresses": {
                                "runAfter": {
                                  "Create_Site_Page_Approval_Information": [
                                    "Succeeded"
                                  ]
                                },
                                "metadata": {
                                  "operationMetadataId": "f0c2db16-997f-45fd-9a0f-b43dd962c229"
                                },
                                "type": "OpenApiConnectionWebhook",
                                "inputs": {
                                  "host": {
                                    "connectionName": "shared_office365",
                                    "operationId": "SendMailWithOptions",
                                    "apiId": "/providers/Microsoft.PowerApps/apis/shared_office365"
                                  },
                                  "parameters": {
                                    "optionsEmailSubscription/Message/To": "@first(body('Get_the_configuration_properties_for_this_ALB'))?['EmailAddresses']?['ALBNewsApprovers']",
                                    "optionsEmailSubscription/Message/Subject": "Defra News Article Approval - @{outputs('Get_item_properties')?['body/Title']}@{body('Parse_solution_configuration')?['Settings']?['Email']?['CustomSubjectLabel']}",
                                    "optionsEmailSubscription/Message/Options": "Approve, Reject",
                                    "optionsEmailSubscription/Message/HeaderText": "PROMPT ACTION REQUIRED ",
                                    "optionsEmailSubscription/Message/Body": "The Defra Content Team are requesting that the following news article be published to the \"TITLE OF INTRANET GOES HERE\" Intranet Site.\n<p><a href=\"@{outputs('Get_item_properties')?['body/{Link}']}\">@{outputs('Get_item_properties')?['body/Title']}</a></p>\n<p>If you have any questions or concerns please contact the team as soon as possible at <a href=\"mailto:DefraApprovers@buckinghamdevelopment.co.uk\">DefraApprovers@buckinghamdevelopment.co.uk</a></p>.\n\nThank you.",
                                    "optionsEmailSubscription/Message/Importance": "High",
                                    "optionsEmailSubscription/Message/UseOnlyHTMLMessage": true,
                                    "optionsEmailSubscription/Message/HideHTMLMessage": false,
                                    "optionsEmailSubscription/Message/ShowHTMLConfirmationDialog": false,
                                    "optionsEmailSubscription/Message/HideMicrosoftFooter": true
                                  },
                                  "authentication": {
                                    "type": "Raw",
                                    "value": "@json(decodeBase64(triggerOutputs().headers['X-MS-APIM-Tokens']))['$ConnectionKey']"
                                  }
                                }
                              },
                              "Renew_item_properties": {
                                "runAfter": {
                                  "Send_the_approval_email_to_assigned_email_addresses": [
                                    "Succeeded"
                                  ]
                                },
                                "metadata": {
                                  "operationMetadataId": "961fca86-1541-4df8-8ed8-5cdee09a7923"
                                },
                                "type": "OpenApiConnection",
                                "inputs": {
                                  "host": {
                                    "connectionName": "shared_sharepointonline_1",
                                    "operationId": "GetItem",
                                    "apiId": "/providers/Microsoft.PowerApps/apis/shared_sharepointonline"
                                  },
                                  "parameters": {
                                    "dataset": "@parameters('DefraIntranet_DataSource_SPSite (cr541_DefraIntranet_DataSource_SPSite)')",
                                    "table": "@parameters('DefraIntranet_DataSource_List_SitePages (cr541_DefraIntranet_DataSource_List_SitePages)')",
                                    "id": "@triggerBody()?['entity']?['ID']"
                                  },
                                  "authentication": {
                                    "type": "Raw",
                                    "value": "@json(decodeBase64(triggerOutputs().headers['X-MS-APIM-Tokens']))['$ConnectionKey']"
                                  }
                                }
                              },
                              "Reset_arrayOrgIntranetApproved": {
                                "runAfter": {
                                  "Renew_item_properties": [
                                    "Succeeded"
                                  ]
                                },
                                "metadata": {
                                  "operationMetadataId": "724c796e-3f2d-4466-9a9e-b9e5e3d0b2a6"
                                },
                                "type": "SetVariable",
                                "inputs": {
                                  "name": "arrayOrgIntranetApproved",
                                  "value": "@null"
                                }
                              },
                              "Reset_arrayOrgIntranetsContentEditorInput": {
                                "runAfter": {
                                  "Reset_arrayOrgIntranetApproved": [
                                    "Succeeded"
                                  ]
                                },
                                "metadata": {
                                  "operationMetadataId": "dae5da57-ceeb-44e9-8d54-73ee5fd32e1b"
                                },
                                "type": "SetVariable",
                                "inputs": {
                                  "name": "arrayOrgIntranetsContentEditorInput",
                                  "value": "@null"
                                }
                              },
                              "Approved_-_Update_Site_Page_Approval_Information": {
                                "runAfter": {
                                  "Reset_arrayOrgIntranetsContentEditorInput": [
                                    "Succeeded"
                                  ]
                                },
                                "metadata": {
                                  "operationMetadataId": "b6d17210-9679-4c14-8796-18f741f114bd"
                                },
                                "type": "OpenApiConnection",
                                "inputs": {
                                  "host": {
                                    "connectionName": "shared_sharepointonline_1",
                                    "operationId": "PatchItem",
                                    "apiId": "/providers/Microsoft.PowerApps/apis/shared_sharepointonline"
                                  },
                                  "parameters": {
                                    "dataset": "@parameters('DefraIntranet_DataSource_SPSite (cr541_DefraIntranet_DataSource_SPSite)')",
                                    "table": "@parameters('DefraIntranet_DataSource_List_SPAI (cr541_DefraIntranet_DataSource_List_SPAI)')",
                                    "id": "@outputs('Create_Site_Page_Approval_Information')?['body/ID']",
                                    "item/ContentSubmissionStatus/Value": "@if(equals(outputs('Send_the_approval_email_to_assigned_email_addresses')?['body/SelectedOption'],'Approve'),'Approved','Rejected')",
                                    "item/DateTimeALBApprovalDecision": "@convertTimeZone(utcNow(),'UTC','GMT Standard Time')"
                                  },
                                  "authentication": {
                                    "type": "Raw",
                                    "value": "@json(decodeBase64(triggerOutputs().headers['X-MS-APIM-Tokens']))['$ConnectionKey']"
                                  }
                                }
                              }
                            },
                            "runAfter": {
                              "Are_there_any_pending_approvals_for_this_ALB_outstanding": [
                                "Succeeded"
                              ]
                            },
                            "expression": {
                              "or": [
                                {
                                  "and": [
                                    {
                                      "equals": [
                                        "@greater(length(body('Site_Configuration')?['EmailAddresses']?['ALBNewsApprovers']),0)",
                                        "@true"
                                      ]
                                    },
                                    {
                                      "equals": [
                                        "@empty(outputs('Are_there_any_pending_approvals_for_this_ALB_outstanding')?['body/value'])",
                                        "@true"
                                      ]
                                    },
                                    {
                                      "equals": [
                                        "@empty(body('Do_we_have_any_approvals_for_this_ALB_already'))",
                                        "@true"
                                      ]
                                    }
                                  ]
                                }
                              ]
                            },
                            "metadata": {
                              "operationMetadataId": "4fe821f0-3bda-47bb-8fac-f55a548af35a"
                            },
                            "type": "If"
                          },
                          "Are_there_any_pending_approvals_for_this_ALB_outstanding": {
                            "runAfter": {},
                            "metadata": {
                              "operationMetadataId": "758cc4da-b5e4-408b-8afa-d6cdc471d518"
                            },
                            "type": "OpenApiConnection",
                            "inputs": {
                              "host": {
                                "connectionName": "shared_sharepointonline_1",
                                "operationId": "GetItems",
                                "apiId": "/providers/Microsoft.PowerApps/apis/shared_sharepointonline"
                              },
                              "parameters": {
                                "dataset": "@parameters('DefraIntranet_DataSource_SPSite (cr541_DefraIntranet_DataSource_SPSite)')",
                                "table": "@parameters('DefraIntranet_DataSource_List_SPAI (cr541_DefraIntranet_DataSource_List_SPAI)')",
                                "$filter": "((TaxCatchAll/IdForTerm eq '@{items('Process_the_chosen_ALBs_values_from_the_Organisation_Intranet_column')?['TermGuid']}') and (ContentSubmissionStatus eq 'Pending Approval') and (AssociatedSitePageId eq @{outputs('Get_item_properties')?['body/ID']}))"
                              },
                              "authentication": {
                                "type": "Raw",
                                "value": "@json(decodeBase64(triggerOutputs().headers['X-MS-APIM-Tokens']))['$ConnectionKey']"
                              }
                            }
                          }
                        }
                      },
                      "expression": {
                        "equals": [
                          "@bool(body('Site_Configuration')?['ApprovalSettings']?['AutoApprove'])",
                          "@true"
                        ]
                      },
                      "metadata": {
                        "operationMetadataId": "97f75285-98f9-445b-91b7-6e3bc357023a"
                      },
                      "type": "If"
                    },
                    "Did_they_approve_or_auto-approve_the_article_to_go_live_on_their_Intranet": {
                      "actions": {
                        "Approved_-_Append_the_new_ALB_to_the_array": {
                          "runAfter": {
                            "Approved_-_Rebuild_the_Org_Intranet_Approving_column_and_append_the_new_ALB": [
                              "Succeeded"
                            ]
                          },
                          "metadata": {
                            "operationMetadataId": "292b1255-b415-4ac6-80df-44905718ec1a"
                          },
                          "type": "AppendToArrayVariable",
                          "inputs": {
                            "name": "arrayOrgIntranetApproved",
                            "value": {
                              "Value": "@{items('Process_the_chosen_ALBs_values_from_the_Organisation_Intranet_column')?['Label']}|@{items('Process_the_chosen_ALBs_values_from_the_Organisation_Intranet_column')?['TermGuid']}"
                            }
                          }
                        },
                        "Approved_-_Update_the_Org_Intranet_Approved_column": {
                          "runAfter": {
                            "Approved_-_Append_the_new_ALB_to_the_array": [
                              "Succeeded"
                            ]
                          },
                          "metadata": {
                            "operationMetadataId": "3a5f2363-ec4c-47bc-9bd1-f1e9196476e8"
                          },
                          "type": "OpenApiConnection",
                          "inputs": {
                            "host": {
                              "connectionName": "shared_sharepointonline_1",
                              "operationId": "PatchItem",
                              "apiId": "/providers/Microsoft.PowerApps/apis/shared_sharepointonline"
                            },
                            "parameters": {
                              "dataset": "@parameters('DefraIntranet_DataSource_SPSite (cr541_DefraIntranet_DataSource_SPSite)')",
                              "table": "@parameters('DefraIntranet_DataSource_List_SitePages (cr541_DefraIntranet_DataSource_List_SitePages)')",
                              "id": "@outputs('Approved_-_Renew_item_properties')?['body/ID']",
                              "item/OrganisationIntranets": "@variables('arrayOrgIntranetApproved')"
                            },
                            "authentication": {
                              "type": "Raw",
                              "value": "@json(decodeBase64(triggerOutputs().headers['X-MS-APIM-Tokens']))['$ConnectionKey']"
                            }
                          }
                        },
                        "Approved_-_Renew_item_properties": {
                          "runAfter": {},
                          "metadata": {
                            "operationMetadataId": "961fca86-1541-4df8-8ed8-5cdee09a7923"
                          },
                          "type": "OpenApiConnection",
                          "inputs": {
                            "host": {
                              "connectionName": "shared_sharepointonline_1",
                              "operationId": "GetItem",
                              "apiId": "/providers/Microsoft.PowerApps/apis/shared_sharepointonline"
                            },
                            "parameters": {
                              "dataset": "@parameters('DefraIntranet_DataSource_SPSite (cr541_DefraIntranet_DataSource_SPSite)')",
                              "table": "@parameters('DefraIntranet_DataSource_List_SitePages (cr541_DefraIntranet_DataSource_List_SitePages)')",
                              "id": "@triggerBody()?['entity']?['ID']"
                            },
                            "authentication": {
                              "type": "Raw",
                              "value": "@json(decodeBase64(triggerOutputs().headers['X-MS-APIM-Tokens']))['$ConnectionKey']"
                            }
                          }
                        },
                        "Approved_-_Rebuild_the_Org_Intranet_Approving_column_and_append_the_new_ALB": {
                          "foreach": "@outputs('Approved_-_Renew_item_properties')?['body/OrganisationIntranets']",
                          "actions": {
                            "Approved_-_Populate_the_array_with_the_existing_ALBs": {
                              "runAfter": {},
                              "metadata": {
                                "operationMetadataId": "77e93a0f-6a72-468e-a393-af0f74af728c"
                              },
                              "type": "AppendToArrayVariable",
                              "inputs": {
                                "name": "arrayOrgIntranetApproved",
                                "value": {
                                  "Value": "@{items('Approved_-_Rebuild_the_Org_Intranet_Approving_column_and_append_the_new_ALB')?['Label']}|@{items('Approved_-_Rebuild_the_Org_Intranet_Approving_column_and_append_the_new_ALB')?['TermGuid']}"
                                }
                              }
                            }
                          },
                          "runAfter": {
                            "Approved_-_Renew_item_properties": [
                              "Succeeded"
                            ]
                          },
                          "metadata": {
                            "operationMetadataId": "098f92e2-014f-4019-b05d-e442505f56ad"
                          },
                          "type": "Foreach"
                        },
                        "Approved_-_Republish_the_site_page": {
                          "runAfter": {
                            "Approved_-_Update_the_Org_Intranet_Approved_column": [
                              "Succeeded"
                            ]
                          },
                          "metadata": {
                            "operationMetadataId": "ee28c505-1b29-4612-bab3-89ebd57ffd09"
                          },
                          "type": "OpenApiConnection",
                          "inputs": {
                            "host": {
                              "connectionName": "shared_sharepointonline_1",
                              "operationId": "HttpRequest",
                              "apiId": "/providers/Microsoft.PowerApps/apis/shared_sharepointonline"
                            },
                            "parameters": {
                              "dataset": "@parameters('DefraIntranet_DataSource_SPSite (cr541_DefraIntranet_DataSource_SPSite)')",
                              "parameters/method": "POST",
                              "parameters/uri": "_api/sitepages/pages('@{outputs('Approved_-_Update_the_Org_Intranet_Approved_column')?['body/ID']}')/publish()"
                            },
                            "authentication": {
                              "type": "Raw",
                              "value": "@json(decodeBase64(triggerOutputs().headers['X-MS-APIM-Tokens']))['$ConnectionKey']"
                            }
                          }
                        }
                      },
                      "runAfter": {
                        "Is_this_ALB_allowing_automatic_approval": [
                          "Succeeded"
                        ]
                      },
                      "else": {
                        "actions": {
                          "Rejected_-_Rebuild_the_Org_Intranet_Approval_column_and_remove_the_rejecting_ALB": {
                            "foreach": "@outputs('Rejected_-_Renew_item_properties')?['body/OrganisationIntranets']",
                            "actions": {
                              "Rejected_-_Is_this_the_ALB_that_rejected_we_do_not_reintroduce_it_2": {
                                "actions": {},
                                "runAfter": {},
                                "else": {
                                  "actions": {
                                    "Rejected_-_Valid_ALB_so_we_can_add_it_back_into_the_Approval_column": {
                                      "runAfter": {},
                                      "metadata": {
                                        "operationMetadataId": "292b1255-b415-4ac6-80df-44905718ec1a"
                                      },
                                      "type": "AppendToArrayVariable",
                                      "inputs": {
                                        "name": "arrayOrgIntranetApproved",
                                        "value": {
                                          "Value": "@{items('Rejected_-_Rebuild_the_Org_Intranet_Approval_column_and_remove_the_rejecting_ALB')?['Label']}|@{items('Rejected_-_Rebuild_the_Org_Intranet_Approval_column_and_remove_the_rejecting_ALB')?['TermGuid']}"
                                        }
                                      }
                                    }
                                  }
                                },
                                "expression": {
                                  "equals": [
                                    "@items('Process_the_chosen_ALBs_values_from_the_Organisation_Intranet_column')?['TermGuid']",
                                    "@items('Rejected_-_Rebuild_the_Org_Intranet_Approval_column_and_remove_the_rejecting_ALB')?['TermGuid']"
                                  ]
                                },
                                "metadata": {
                                  "operationMetadataId": "e19c3eea-2243-4dfc-a3b1-4bd1b38c64d0"
                                },
                                "type": "If"
                              }
                            },
                            "runAfter": {
                              "Rejected_-_Rebuild_the_Org_Intranet_column_and_remove_the_rejecting_ALB": [
                                "Succeeded"
                              ]
                            },
                            "metadata": {
                              "operationMetadataId": "7fe8c790-4ca4-4925-821a-fcbb02eb7ab7"
                            },
                            "type": "Foreach"
                          },
                          "Rejected_-_Update_the_Org_Intranet_columns": {
                            "runAfter": {
                              "Rejected_-_Rebuild_the_Org_Intranet_Approval_column_and_remove_the_rejecting_ALB": [
                                "Succeeded"
                              ]
                            },
                            "metadata": {
                              "operationMetadataId": "3a5f2363-ec4c-47bc-9bd1-f1e9196476e8"
                            },
                            "type": "OpenApiConnection",
                            "inputs": {
                              "host": {
                                "connectionName": "shared_sharepointonline_1",
                                "operationId": "PatchItem",
                                "apiId": "/providers/Microsoft.PowerApps/apis/shared_sharepointonline"
                              },
                              "parameters": {
                                "dataset": "@parameters('DefraIntranet_DataSource_SPSite (cr541_DefraIntranet_DataSource_SPSite)')",
                                "table": "@parameters('DefraIntranet_DataSource_List_SitePages (cr541_DefraIntranet_DataSource_List_SitePages)')",
                                "id": "@outputs('Rejected_-_Renew_item_properties')?['body/ID']",
                                "item/OrganisationIntranetsContentEditorInput": "@variables('arrayOrgIntranetsContentEditorInput')",
                                "item/OrganisationIntranets": "@variables('arrayOrgIntranetsContentEditorInput')"
                              },
                              "authentication": {
                                "type": "Raw",
                                "value": "@json(decodeBase64(triggerOutputs().headers['X-MS-APIM-Tokens']))['$ConnectionKey']"
                              }
                            }
                          },
                          "Rejected_-_Renew_item_properties": {
                            "runAfter": {},
                            "metadata": {
                              "operationMetadataId": "961fca86-1541-4df8-8ed8-5cdee09a7923"
                            },
                            "type": "OpenApiConnection",
                            "inputs": {
                              "host": {
                                "connectionName": "shared_sharepointonline_1",
                                "operationId": "GetItem",
                                "apiId": "/providers/Microsoft.PowerApps/apis/shared_sharepointonline"
                              },
                              "parameters": {
                                "dataset": "@parameters('DefraIntranet_DataSource_SPSite (cr541_DefraIntranet_DataSource_SPSite)')",
                                "table": "@parameters('DefraIntranet_DataSource_List_SitePages (cr541_DefraIntranet_DataSource_List_SitePages)')",
                                "id": "@triggerBody()?['entity']?['ID']"
                              },
                              "authentication": {
                                "type": "Raw",
                                "value": "@json(decodeBase64(triggerOutputs().headers['X-MS-APIM-Tokens']))['$ConnectionKey']"
                              }
                            }
                          },
                          "Rejected_-_Rebuild_the_Org_Intranet_column_and_remove_the_rejecting_ALB": {
                            "foreach": "@outputs('Rejected_-_Renew_item_properties')?['body/OrganisationIntranetsContentEditorInput']",
                            "actions": {
                              "Rejected_-_Is_this_the_ALB_that_rejected._We_do_not_reintroduce_it": {
                                "actions": {},
                                "runAfter": {},
                                "else": {
                                  "actions": {
                                    "Rejected_-_Valid_ALB_so_we_can_add_it_back_into_the_Org_Intranet_column": {
                                      "runAfter": {},
                                      "metadata": {
                                        "operationMetadataId": "292b1255-b415-4ac6-80df-44905718ec1a"
                                      },
                                      "type": "AppendToArrayVariable",
                                      "inputs": {
                                        "name": "arrayOrgIntranetsContentEditorInput",
                                        "value": {
                                          "Value": "@{items('Rejected_-_Rebuild_the_Org_Intranet_column_and_remove_the_rejecting_ALB')?['Label']}|@{items('Rejected_-_Rebuild_the_Org_Intranet_column_and_remove_the_rejecting_ALB')?['TermGuid']}"
                                        }
                                      }
                                    }
                                  }
                                },
                                "expression": {
                                  "equals": [
                                    "@items('Process_the_chosen_ALBs_values_from_the_Organisation_Intranet_column')?['TermGuid']",
                                    "@items('Rejected_-_Rebuild_the_Org_Intranet_column_and_remove_the_rejecting_ALB')?['TermGuid']"
                                  ]
                                },
                                "metadata": {
                                  "operationMetadataId": "e19c3eea-2243-4dfc-a3b1-4bd1b38c64d0"
                                },
                                "type": "If"
                              }
                            },
                            "runAfter": {
                              "Rejected_-_Renew_item_properties": [
                                "Succeeded"
                              ]
                            },
                            "metadata": {
                              "operationMetadataId": "a69671eb-df99-4556-bd4b-ee68e63d14b0"
                            },
                            "type": "Foreach"
                          },
                          "Rejected_-_Republish_the_site_page": {
                            "runAfter": {
                              "Rejected_-_Update_the_Org_Intranet_columns": [
                                "Succeeded"
                              ]
                            },
                            "metadata": {
                              "operationMetadataId": "ee28c505-1b29-4612-bab3-89ebd57ffd09"
                            },
                            "type": "OpenApiConnection",
                            "inputs": {
                              "host": {
                                "connectionName": "shared_sharepointonline_1",
                                "operationId": "HttpRequest",
                                "apiId": "/providers/Microsoft.PowerApps/apis/shared_sharepointonline"
                              },
                              "parameters": {
                                "dataset": "@parameters('DefraIntranet_DataSource_SPSite (cr541_DefraIntranet_DataSource_SPSite)')",
                                "parameters/method": "POST",
                                "parameters/uri": "_api/sitepages/pages('@{outputs('Rejected_-_Update_the_Org_Intranet_columns')?['body/ID']}')/publish()"
                              },
                              "authentication": {
                                "type": "Raw",
                                "value": "@json(decodeBase64(triggerOutputs().headers['X-MS-APIM-Tokens']))['$ConnectionKey']"
                              }
                            }
                          }
                        }
                      },
                      "expression": {
                        "or": [
                          {
                            "equals": [
                              "@outputs('Send_the_approval_email_to_assigned_email_addresses')?['body/SelectedOption']",
                              "Approve"
                            ]
                          },
                          {
                            "equals": [
                              "@bool(body('Site_Configuration')?['ApprovalSettings']?['AutoApprove'])",
                              "@true"
                            ]
                          }
                        ]
                      },
                      "metadata": {
                        "operationMetadataId": "4053116d-551a-4221-bdab-f10d491ab0b1"
                      },
                      "type": "If"
                    },
                    "Do_we_have_any_approvals_for_this_ALB_already": {
                      "runAfter": {
                        "Site_Configuration": [
                          "Succeeded"
                        ]
                      },
                      "metadata": {
                        "operationMetadataId": "f396a36f-d574-4b3b-a880-7d1480daa713"
                      },
                      "type": "Query",
                      "inputs": {
                        "from": "@outputs('Get_item_properties')?['body/OrganisationIntranets']",
                        "where": "@equals(item()?['TermGuid'], items('Process_the_chosen_ALBs_values_from_the_Organisation_Intranet_column')?['TermGuid'])"
                      }
                    }
                  },
                  "runAfter": {
                    "Get_the_configuration_properties_for_this_ALB": [
                      "Succeeded"
                    ]
                  },
                  "expression": {
                    "equals": [
                      "@empty(body('Get_the_configuration_properties_for_this_ALB'))",
                      "@false"
                    ]
                  },
                  "metadata": {
                    "operationMetadataId": "0942d4c6-a7d4-4b97-b8e7-9fde308e7b7d"
                  },
                  "type": "If"
                }
              },
              "runAfter": {
                "Review_Approval_Progress_Link_Builder": [
                  "Succeeded"
                ]
              },
              "metadata": {
                "operationMetadataId": "6f502214-f39f-48bc-8b13-386015403c6f"
              },
              "type": "Foreach",
              "runtimeConfiguration": {
                "concurrency": {
                  "repetitions": 20
                }
              }
            },
            "Review_Approval_Progress_Link_Builder": {
              "actions": {
                "Add_the_progress_link_to_the_Approval_Info_column_if_it_does_not_exist": {
                  "actions": {
                    "Add_link_to_approval_submission_information": {
                      "runAfter": {},
                      "metadata": {
                        "operationMetadataId": "ee28c505-1b29-4612-bab3-89ebd57ffd09"
                      },
                      "type": "OpenApiConnection",
                      "inputs": {
                        "host": {
                          "connectionName": "shared_sharepointonline_1",
                          "operationId": "HttpRequest",
                          "apiId": "/providers/Microsoft.PowerApps/apis/shared_sharepointonline"
                        },
                        "parameters": {
                          "dataset": "@parameters('DefraIntranet_DataSource_SPSite (cr541_DefraIntranet_DataSource_SPSite)')",
                          "parameters/method": "POST",
                          "parameters/uri": "_api/web/lists('@{parameters('DefraIntranet_DataSource_List_SitePages (cr541_DefraIntranet_DataSource_List_SitePages)')}')/items('@{outputs('Get_item_properties')?['body/ID']}')",
                          "parameters/headers": {
                            "Accept": "application/json;odata=verbose",
                            "Content-Type": "application/json",
                            "If-Match": "*",
                            "X-HTTP-Method": "MERGE"
                          },
                          "parameters/body": "{\n \"PageApprovalInfo\": {\n \"Url\": \"@{parameters('DefraIntranet_DataSource_SPSite (cr541_DefraIntranet_DataSource_SPSite)')}/Lists/SPAI/AllItems.aspx?FilterField1=AssociatedSitePage&FilterValue1=@{outputs('Get_item_properties')?['body/ID']}&FilterType1=Lookup\",\n \"Description\": \"Review Approval Progress\"\n  }\n}"
                        },
                        "authentication": {
                          "type": "Raw",
                          "value": "@json(decodeBase64(triggerOutputs().headers['X-MS-APIM-Tokens']))['$ConnectionKey']"
                        }
                      }
                    },
                    "Republish_the_page_due_to_approval_link": {
                      "runAfter": {
                        "Add_link_to_approval_submission_information": [
                          "Succeeded"
                        ]
                      },
                      "metadata": {
                        "operationMetadataId": "ee28c505-1b29-4612-bab3-89ebd57ffd09"
                      },
                      "type": "OpenApiConnection",
                      "inputs": {
                        "host": {
                          "connectionName": "shared_sharepointonline_1",
                          "operationId": "HttpRequest",
                          "apiId": "/providers/Microsoft.PowerApps/apis/shared_sharepointonline"
                        },
                        "parameters": {
                          "dataset": "@parameters('DefraIntranet_DataSource_SPSite (cr541_DefraIntranet_DataSource_SPSite)')",
                          "parameters/method": "POST",
                          "parameters/uri": "_api/sitepages/pages('@{outputs('Get_item_properties')?['body/ID']}')/publish()"
                        },
                        "authentication": {
                          "type": "Raw",
                          "value": "@json(decodeBase64(triggerOutputs().headers['X-MS-APIM-Tokens']))['$ConnectionKey']"
                        }
                      }
                    }
                  },
                  "runAfter": {},
                  "expression": {
                    "equals": [
                      "@outputs('Get_item_properties')?['body/PageApprovalInfo']",
                      "@null"
                    ]
                  },
                  "metadata": {
                    "operationMetadataId": "06b5a206-8446-4913-8fe8-dca372b2abc9"
                  },
                  "type": "If"
                }
              },
              "runAfter": {},
              "metadata": {
                "operationMetadataId": "2842db0f-fcc3-4040-8895-8a5c58e864f8"
              },
              "type": "Scope"
            }
          },
          "runAfter": {
            "Workflow_validation._Should_it_run": [
              "Succeeded"
            ]
          },
          "metadata": {
            "operationMetadataId": "a36d7aac-4186-46b2-bdf7-454bda55bd84"
          },
          "type": "Scope"
        }
      }
    },
    "templateName": ""
  },
  "schemaVersion": "1.0.0.0"
}