{
  "environmentvariablevalues": {
    "environmentvariablevalue": {
      "@environmentvariablevalueid": "5a19fdb0-9c9d-ee11-be37-000d3ab696be",
      "iscustomizable": "1",
      "value": "{\"Abbreviation\":\"MMO\",\"ApprovalSettings\":{\"AutoApprove\":\"true\"},\"EmailAddresses\":{\"ALBNewsApprovers\":\"MMOApprovers@buckinghamdevelopment.co.uk\",\"ContentTeam\":\"james@buckinghamdevelopment.co.uk\",\"InternalCommsTeam\":\"MMOApprovers@buckinghamdevelopment.co.uk\"},\"Site\":{\"URL\":\"https://buckinghamdevelopment.sharepoint.com/sites/MMOIntranet\"},\"SPPermissions\":{\"GroupApproverID\":\"5\",\"GroupSiteOwnerID\":\"3\"}}"
    }
  }
}