{
  "properties": {
    "connectionReferences": {
      "shared_sharepointonline_1": {
        "runtimeSource": "embedded",
        "connection": {
          "connectionReferenceLogicalName": "cr541_sharedsharepointonline_55552"
        },
        "api": {
          "name": "shared_sharepointonline"
        }
      }
    },
    "definition": {
      "$schema": "https://schema.management.azure.com/providers/Microsoft.Logic/schemas/2016-06-01/workflowdefinition.json#",
      "contentVersion": "1.0.0.0",
      "parameters": {
        "$connections": {
          "defaultValue": {},
          "type": "Object"
        },
        "$authentication": {
          "defaultValue": {},
          "type": "SecureObject"
        },
        "DefraIntranet_DataSource_List_SitePages (cr541_DefraIntranet_DataSource_List_SitePages)": {
          "defaultValue": "ad354d4b-4d34-4805-92d4-9cc543f26224",
          "type": "String",
          "metadata": {
            "schemaName": "cr541_DefraIntranet_DataSource_List_SitePages"
          }
        },
        "DefraIntranet_DataSource_SPSite (cr541_DefraIntranet_DataSource_SPSite)": {
          "defaultValue": "https://buckinghamdevelopment.sharepoint.com/sites/DefraIntranet",
          "type": "String",
          "metadata": {
            "schemaName": "cr541_DefraIntranet_DataSource_SPSite"
          }
        },
        "DefraIntranet_DataSource_List_SPAI (cr541_DefraIntranet_DataSource_List_SPAI)": {
          "defaultValue": "66B9AF03-881C-4A45-8A85-6A52DC876BAC",
          "type": "String",
          "metadata": {
            "schemaName": "cr541_DefraIntranet_DataSource_List_SPAI"
          }
        }
      },
      "triggers": {
        "When_an_item_is_created_or_modified": {
          "recurrence": {
            "interval": 5,
            "frequency": "Minute"
          },
          "splitOn": "@triggerOutputs()?['body/value']",
          "metadata": {
            "operationMetadataId": "75d921f1-03cf-4e3d-a44f-43d71083343e"
          },
          "type": "OpenApiConnection",
          "inputs": {
            "host": {
              "connectionName": "shared_sharepointonline_1",
              "operationId": "GetOnUpdatedItems",
              "apiId": "/providers/Microsoft.PowerApps/apis/shared_sharepointonline"
            },
            "parameters": {
              "dataset": "@parameters('DefraIntranet_DataSource_SPSite (cr541_DefraIntranet_DataSource_SPSite)')",
              "table": "@parameters('DefraIntranet_DataSource_List_SitePages (cr541_DefraIntranet_DataSource_List_SitePages)')"
            },
            "authentication": "@parameters('$authentication')"
          }
        }
      },
      "actions": {
        "Initialise_arrayOrgIntranetApproved": {
          "runAfter": {},
          "metadata": {
            "operationMetadataId": "e044e07f-4244-42cd-a3f8-b5630a8725d2"
          },
          "type": "InitializeVariable",
          "inputs": {
            "variables": [
              {
                "name": "arrayOrgIntranetApproved",
                "type": "array"
              }
            ]
          }
        },
        "Initialise_blnMatchFound": {
          "runAfter": {
            "Initialise_arrayOrgIntranetApproved": [
              "Succeeded"
            ]
          },
          "metadata": {
            "operationMetadataId": "e2c5be6f-c8ad-45b4-bfba-d71b032be619"
          },
          "type": "InitializeVariable",
          "inputs": {
            "variables": [
              {
                "name": "blnMatchFound",
                "type": "boolean",
                "value": "@false"
              }
            ]
          }
        },
        "Initialise_blnMismatchFound": {
          "runAfter": {
            "Initialise_blnMatchFound": [
              "Succeeded"
            ]
          },
          "metadata": {
            "operationMetadataId": "e2c5be6f-c8ad-45b4-bfba-d71b032be619"
          },
          "type": "InitializeVariable",
          "inputs": {
            "variables": [
              {
                "name": "blnMismatchFound",
                "type": "boolean",
                "value": "@false"
              }
            ]
          }
        },
        "Initialise_txtSPQueryFilter": {
          "runAfter": {
            "Initialise_blnMismatchFound": [
              "Succeeded"
            ]
          },
          "metadata": {
            "operationMetadataId": "ea713989-f014-4b93-81b1-7f62f2a20f1b"
          },
          "type": "InitializeVariable",
          "inputs": {
            "variables": [
              {
                "name": "txtSPQueryFilter",
                "type": "string",
                "value": "((ContentSubmissionStatus eq 'Pending Approval') and (AssociatedSitePageId eq @{triggerOutputs()?['body/ID']}) #QUERYTOKEN#)"
              }
            ]
          }
        },
        "Initialise_txtSPQueryFilterBody": {
          "runAfter": {
            "Initialise_txtSPQueryFilter": [
              "Succeeded"
            ]
          },
          "metadata": {
            "operationMetadataId": "2da494ac-694b-4f74-82dd-7c7dfe0dcda5"
          },
          "type": "InitializeVariable",
          "inputs": {
            "variables": [
              {
                "name": "txtSPQueryFilterBody",
                "type": "string"
              }
            ]
          }
        },
        "Workflow_configuration_and_initialisation": {
          "actions": {
            "Looking_for_a_minor_version": {
              "runAfter": {},
              "metadata": {
                "operationMetadataId": "4b254482-4c2c-4d86-bf57-b874056b0188"
              },
              "type": "Compose",
              "inputs": "@int(last(split(triggerOutputs()?['body/{VersionNumber}'], '.')))"
            }
          },
          "runAfter": {
            "Initialise_txtSPQueryFilterBody": [
              "Succeeded"
            ]
          },
          "metadata": {
            "operationMetadataId": "978d6fab-c6c6-42cb-9ba4-0472acf13f32"
          },
          "type": "Scope"
        },
        "Workflow_validation._Should_it_run": {
          "actions": {
            "This_flow_will_only_run_against_published_news_articles_and_minor_version": {
              "actions": {
                "This_is_either_a_page_or_a_minor_version": {
                  "runAfter": {},
                  "metadata": {
                    "operationMetadataId": "4137d861-7f19-41d3-9b5f-040541de2f5a"
                  },
                  "type": "Terminate",
                  "inputs": {
                    "runStatus": "Cancelled"
                  }
                }
              },
              "runAfter": {},
              "expression": {
                "and": [
                  {
                    "or": [
                      {
                        "not": {
                          "equals": [
                            "@triggerOutputs()?['body/PromotedState']",
                            2
                          ]
                        }
                      },
                      {
                        "greater": [
                          "@outputs('Looking_for_a_minor_version')",
                          0
                        ]
                      }
                    ]
                  }
                ]
              },
              "metadata": {
                "operationMetadataId": "68aa05ec-16b5-4a78-9f5a-ee0cb4df0f05"
              },
              "type": "If"
            }
          },
          "runAfter": {
            "Workflow_configuration_and_initialisation": [
              "Succeeded"
            ]
          },
          "metadata": {
            "operationMetadataId": "4bf26ca6-bc6d-4ee0-9cd1-fe64d07f0458"
          },
          "type": "Scope"
        },
        "Main_business_logic": {
          "actions": {
            "Was_a_mismatch_found_during_this_run": {
              "actions": {
                "Approved_-_Republish_the_site_page": {
                  "runAfter": {
                    "Mismatch_Found_-_Update_the_Org_Intranet_Approved_column": [
                      "Succeeded"
                    ]
                  },
                  "metadata": {
                    "operationMetadataId": "ee28c505-1b29-4612-bab3-89ebd57ffd09"
                  },
                  "type": "OpenApiConnection",
                  "inputs": {
                    "host": {
                      "connectionName": "shared_sharepointonline_1",
                      "operationId": "HttpRequest",
                      "apiId": "/providers/Microsoft.PowerApps/apis/shared_sharepointonline"
                    },
                    "parameters": {
                      "dataset": "@parameters('DefraIntranet_DataSource_SPSite (cr541_DefraIntranet_DataSource_SPSite)')",
                      "parameters/method": "POST",
                      "parameters/uri": "_api/sitepages/pages('@{triggerOutputs()?['body/ID']}')/publish()"
                    },
                    "authentication": "@parameters('$authentication')"
                  }
                },
                "Mismatch_Found_-_Update_the_Org_Intranet_Approved_column": {
                  "runAfter": {},
                  "metadata": {
                    "operationMetadataId": "3a5f2363-ec4c-47bc-9bd1-f1e9196476e8"
                  },
                  "type": "OpenApiConnection",
                  "inputs": {
                    "host": {
                      "connectionName": "shared_sharepointonline_1",
                      "operationId": "PatchItem",
                      "apiId": "/providers/Microsoft.PowerApps/apis/shared_sharepointonline"
                    },
                    "parameters": {
                      "dataset": "@parameters('DefraIntranet_DataSource_SPSite (cr541_DefraIntranet_DataSource_SPSite)')",
                      "table": "@parameters('DefraIntranet_DataSource_List_SitePages (cr541_DefraIntranet_DataSource_List_SitePages)')",
                      "id": "@triggerOutputs()?['body/ID']",
                      "item/OrganisationIntranets": "@variables('arrayOrgIntranetApproved')"
                    },
                    "authentication": "@parameters('$authentication')"
                  }
                }
              },
              "runAfter": {
                "Are_the_approving_ALBs_still_in_the_Org_Intranet_column._If_not_remove_them": [
                  "Succeeded"
                ]
              },
              "else": {
                "actions": {
                  "Columns_Match_-_Both_columns_are_the_same_so_no_action_is_required": {
                    "runAfter": {},
                    "metadata": {
                      "operationMetadataId": "d26d1414-b546-42d4-8f1a-96c87091f228"
                    },
                    "type": "Terminate",
                    "inputs": {
                      "runStatus": "Cancelled"
                    }
                  }
                }
              },
              "expression": {
                "equals": [
                  "@variables('blnMismatchFound')",
                  "@true"
                ]
              },
              "metadata": {
                "operationMetadataId": "03f7ac67-f497-4903-9197-b64094cc1312"
              },
              "type": "If"
            },
            "Pending_Approval_Manager_-_Pending_approval_clean-up": {
              "actions": {
                "Only_run_clean-up_if_we_have_any_ALBs": {
                  "actions": {
                    "Build_our_complete_SharePoint_query_filter": {
                      "runAfter": {},
                      "metadata": {
                        "operationMetadataId": "de32f9e5-d27a-4c20-bda7-764e581698a2"
                      },
                      "type": "Compose",
                      "inputs": "@replace(variables('txtSPQueryFilter'),'#QUERYTOKEN#',variables('txtSPQueryFilterBody'))"
                    },
                    "Get_any_pending_approval_entries_that_do_not_match_our_current_ALB_list": {
                      "runAfter": {
                        "Build_our_complete_SharePoint_query_filter": [
                          "Succeeded"
                        ]
                      },
                      "metadata": {
                        "operationMetadataId": "48c78e1f-78f7-4993-92cf-8e21c28c1853"
                      },
                      "type": "OpenApiConnection",
                      "inputs": {
                        "host": {
                          "connectionName": "shared_sharepointonline_1",
                          "operationId": "GetItems",
                          "apiId": "/providers/Microsoft.PowerApps/apis/shared_sharepointonline"
                        },
                        "parameters": {
                          "dataset": "@parameters('DefraIntranet_DataSource_SPSite (cr541_DefraIntranet_DataSource_SPSite)')",
                          "table": "@parameters('DefraIntranet_DataSource_List_SPAI (cr541_DefraIntranet_DataSource_List_SPAI)')",
                          "$filter": "@outputs('Build_our_complete_SharePoint_query_filter')"
                        },
                        "authentication": "@parameters('$authentication')"
                      }
                    },
                    "Mark_the_orphaned_entries_as_Cancelled": {
                      "foreach": "@outputs('Get_any_pending_approval_entries_that_do_not_match_our_current_ALB_list')?['body/value']",
                      "actions": {
                        "Update_the_status_to_be_cancelled_and_timestamp_the_entry_": {
                          "runAfter": {},
                          "metadata": {
                            "operationMetadataId": "91d0b27a-9b86-4e5f-b9ab-ceab86a06df5"
                          },
                          "type": "OpenApiConnection",
                          "inputs": {
                            "host": {
                              "connectionName": "shared_sharepointonline_1",
                              "operationId": "PatchItem",
                              "apiId": "/providers/Microsoft.PowerApps/apis/shared_sharepointonline"
                            },
                            "parameters": {
                              "dataset": "@parameters('DefraIntranet_DataSource_SPSite (cr541_DefraIntranet_DataSource_SPSite)')",
                              "table": "@parameters('DefraIntranet_DataSource_List_SPAI (cr541_DefraIntranet_DataSource_List_SPAI)')",
                              "id": "@items('Mark_the_orphaned_entries_as_Cancelled')?['ID']",
                              "item/ContentSubmissionStatus/Value": "Cancelled Pending Approval",
                              "item/DateTimeALBApprovalDecision": "@convertTimeZone(utcNow(), 'UTC', 'GMT Standard Time')"
                            },
                            "authentication": "@parameters('$authentication')"
                          }
                        }
                      },
                      "runAfter": {
                        "Get_any_pending_approval_entries_that_do_not_match_our_current_ALB_list": [
                          "Succeeded"
                        ]
                      },
                      "metadata": {
                        "operationMetadataId": "bd8030be-cbd0-430e-b6e5-7816194ed240"
                      },
                      "type": "Foreach"
                    }
                  },
                  "runAfter": {
                    "Loop_through_the_currently_selected_ALBs": [
                      "Succeeded"
                    ]
                  },
                  "expression": {
                    "greater": [
                      "@length(variables('txtSPQueryFilterBody'))",
                      0
                    ]
                  },
                  "metadata": {
                    "operationMetadataId": "bef83131-d2ba-42ad-be85-605364ab2a95"
                  },
                  "type": "If"
                },
                "Loop_through_the_currently_selected_ALBs": {
                  "foreach": "@triggerOutputs()?['body/OrganisationIntranetsContentEditorInput']",
                  "actions": {
                    "Add_ALB_to_filter_so_it_is_excluded_from_the_clean-up": {
                      "runAfter": {},
                      "metadata": {
                        "operationMetadataId": "536823b1-6e5c-4ed6-8955-b6c3b8b96b6b"
                      },
                      "type": "AppendToStringVariable",
                      "inputs": {
                        "name": "txtSPQueryFilterBody",
                        "value": " and (TaxCatchAll/IdForTerm ne '@{items('Loop_through_the_currently_selected_ALBs')?['TermGuid']}')"
                      }
                    }
                  },
                  "runAfter": {},
                  "metadata": {
                    "operationMetadataId": "10420783-b6ea-4e82-8b84-5d5b3fc7cab5"
                  },
                  "type": "Foreach"
                }
              },
              "runAfter": {},
              "metadata": {
                "operationMetadataId": "44462ab7-82cb-4a43-9a86-d366921e8311"
              },
              "type": "Scope"
            },
            "Are_the_approving_ALBs_still_in_the_Org_Intranet_column._If_not_remove_them": {
              "foreach": "@triggerOutputs()?['body/OrganisationIntranets']",
              "actions": {
                "Loop_through_the_Org_Intranet_Approver_column_in_search_of_this_ALB": {
                  "foreach": "@triggerOutputs()?['body/OrganisationIntranetsContentEditorInput']",
                  "actions": {
                    "If_a_match_is_found_on_termGuids_then_the_ALB_still_exists": {
                      "actions": {
                        "Match_-_This_ALB_is_found_in_both_columns_still": {
                          "runAfter": {},
                          "metadata": {
                            "operationMetadataId": "6a31a39c-c2e8-46ac-b308-ddf8fea6510a"
                          },
                          "type": "SetVariable",
                          "inputs": {
                            "name": "blnMatchFound",
                            "value": "@true"
                          }
                        }
                      },
                      "runAfter": {},
                      "expression": {
                        "equals": [
                          "@items('Are_the_approving_ALBs_still_in_the_Org_Intranet_column._If_not_remove_them')?['TermGuid']",
                          "@items('Loop_through_the_Org_Intranet_Approver_column_in_search_of_this_ALB')?['TermGuid']"
                        ]
                      },
                      "metadata": {
                        "operationMetadataId": "fb77aece-eafc-4d42-ab86-0f1994670747"
                      },
                      "type": "If"
                    }
                  },
                  "runAfter": {},
                  "metadata": {
                    "operationMetadataId": "1e0cc702-cf45-40e3-8eee-941b7c838f30"
                  },
                  "type": "Foreach"
                },
                "Did_we_have_a_match_on_this_ALB": {
                  "actions": {
                    "Match_Found_-_This_ALB_can_stay_in_the_Approver_column": {
                      "runAfter": {},
                      "metadata": {
                        "operationMetadataId": "292b1255-b415-4ac6-80df-44905718ec1a"
                      },
                      "type": "AppendToArrayVariable",
                      "inputs": {
                        "name": "arrayOrgIntranetApproved",
                        "value": {
                          "Value": "@{items('Are_the_approving_ALBs_still_in_the_Org_Intranet_column._If_not_remove_them')?['Label']}|@{items('Are_the_approving_ALBs_still_in_the_Org_Intranet_column._If_not_remove_them')?['TermGuid']}"
                        }
                      }
                    },
                    "Match_Found_-_Reset_the_MatchFound_variable_for_the_next_loop": {
                      "runAfter": {
                        "Match_Found_-_This_ALB_can_stay_in_the_Approver_column": [
                          "Succeeded"
                        ]
                      },
                      "metadata": {
                        "operationMetadataId": "06ff497a-ee03-441a-9ac1-5e5f6aff36d0"
                      },
                      "type": "SetVariable",
                      "inputs": {
                        "name": "blnMatchFound",
                        "value": "@false"
                      }
                    }
                  },
                  "runAfter": {
                    "Loop_through_the_Org_Intranet_Approver_column_in_search_of_this_ALB": [
                      "Succeeded"
                    ]
                  },
                  "else": {
                    "actions": {
                      "Match_Not_Found_-_The_ALBs_TermGuid_did_not_match_to_the_Org_column": {
                        "runAfter": {},
                        "metadata": {
                          "operationMetadataId": "2add47fb-8f7d-4871-a47b-6bc858eb129d"
                        },
                        "type": "SetVariable",
                        "inputs": {
                          "name": "blnMismatchFound",
                          "value": "@true"
                        }
                      }
                    }
                  },
                  "expression": {
                    "equals": [
                      "@variables('blnMatchFound')",
                      "@true"
                    ]
                  },
                  "metadata": {
                    "operationMetadataId": "03f7ac67-f497-4903-9197-b64094cc1312"
                  },
                  "type": "If"
                }
              },
              "runAfter": {
                "Pending_Approval_Manager_-_Pending_approval_clean-up": [
                  "Succeeded"
                ]
              },
              "metadata": {
                "operationMetadataId": "0a81a358-ad5e-4715-9bee-2eb20d76126e"
              },
              "type": "Foreach"
            }
          },
          "runAfter": {
            "Workflow_validation._Should_it_run": [
              "Succeeded"
            ]
          },
          "metadata": {
            "operationMetadataId": "0a0ba121-863b-423c-a70d-11ec6e806116"
          },
          "type": "Scope"
        }
      }
    },
    "templateName": ""
  },
  "schemaVersion": "1.0.0.0"
}