{
  "properties": {
    "connectionReferences": {
      "shared_sharepointonline_1": {
        "runtimeSource": "invoker",
        "connection": {
          "connectionReferenceLogicalName": "cr541_sharedsharepointonline_55552"
        },
        "api": {
          "name": "shared_sharepointonline"
        }
      },
      "shared_sharepointonline": {
        "runtimeSource": "invoker",
        "connection": {
          "connectionReferenceLogicalName": "cr541_sharedsharepointonline_55552"
        },
        "api": {
          "name": "shared_sharepointonline"
        }
      },
      "shared_office365users": {
        "runtimeSource": "invoker",
        "connection": {
          "connectionReferenceLogicalName": "new_sharedoffice365users_c6708"
        },
        "api": {
          "name": "shared_office365users"
        }
      },
      "shared_office365": {
        "runtimeSource": "invoker",
        "connection": {
          "connectionReferenceLogicalName": "new_sharedoffice365_fce09"
        },
        "api": {
          "name": "shared_office365"
        }
      }
    },
    "definition": {
      "$schema": "https://schema.management.azure.com/providers/Microsoft.Logic/schemas/2016-06-01/workflowdefinition.json#",
      "contentVersion": "1.0.0.0",
      "parameters": {
        "$connections": {
          "defaultValue": {},
          "type": "Object"
        },
        "$authentication": {
          "defaultValue": {},
          "type": "SecureObject"
        },
        "DefraIntranet_DataSource_SPSite (cr541_DefraIntranet_DataSource_SPSite)": {
          "defaultValue": "https://buckinghamdevelopment.sharepoint.com/sites/DefraIntranet",
          "type": "String",
          "metadata": {
            "schemaName": "cr541_DefraIntranet_DataSource_SPSite"
          }
        },
        "DefraIntranet_DataSource_List_ICICS (cr541_DefraIntranet_DataSource_List_ICICS)": {
          "defaultValue": "a362a489-c0a5-4442-b16a-762d86b9cd8b",
          "type": "String",
          "metadata": {
            "schemaName": "cr541_DefraIntranet_DataSource_List_ICICS"
          }
        },
        "EAIntranet_Datasource_List_ICICS (cr541_EAIntranet_Datasource_List_ICICS)": {
          "defaultValue": "afbd3b2b-d0a8-4518-a0c1-56c598b17b85",
          "type": "String",
          "metadata": {
            "schemaName": "cr541_EAIntranet_Datasource_List_ICICS"
          }
        }
      },
      "triggers": {
        "manual": {
          "splitOn": "@triggerBody()['rows']",
          "metadata": {
            "operationMetadataId": "89cd6e27-2a14-45ab-8c82-e0d10533fbf0"
          },
          "type": "Request",
          "kind": "ApiConnection",
          "inputs": {
            "schema": {
              "type": "object",
              "properties": {
                "rows": {
                  "type": "array",
                  "items": {
                    "type": "object",
                    "properties": {
                      "text": {
                        "title": "Please approve or reject this submission",
                        "type": "string",
                        "x-ms-dynamically-added": true,
                        "description": "Please select your decision",
                        "x-ms-content-hint": "TEXT",
                        "enum": [
                          "Approve",
                          "Reject"
                        ]
                      },
                      "text_1": {
                        "title": "Comments",
                        "type": "string",
                        "x-ms-dynamically-added": true,
                        "description": "Please enter any comments to send to the submitter",
                        "x-ms-content-hint": "TEXT"
                      },
                      "entity": {
                        "type": "object",
                        "properties": {
                          "ID": {
                            "title": "ID",
                            "type": "integer",
                            "format": "int64"
                          }
                        },
                        "required": [
                          "ID"
                        ]
                      }
                    },
                    "required": [
                      "text",
                      "entity"
                    ]
                  }
                }
              },
              "required": [
                "rows"
              ]
            },
            "host": {
              "connection": {
                "name": "@parameters('$connections')['shared_sharepointonline_1']['connectionId']"
              }
            },
            "operationId": "GetItemHybridTriggerSchema",
            "parameters": {
              "dataset": "@parameters('DefraIntranet_DataSource_SPSite (cr541_DefraIntranet_DataSource_SPSite)')",
              "table": "@parameters('DefraIntranet_DataSource_List_ICICS (cr541_DefraIntranet_DataSource_List_ICICS)')"
            }
          },
          "conditions": []
        }
      },
      "actions": {
        "Initialise_txtApprovalDecision": {
          "runAfter": {},
          "metadata": {
            "operationMetadataId": "170f2e34-5390-4a51-944f-83c9468b3d1b"
          },
          "type": "InitializeVariable",
          "inputs": {
            "variables": [
              {
                "name": "txtApprovalDecision",
                "type": "string"
              }
            ]
          }
        },
        "Initialise_txtEmailBody": {
          "runAfter": {
            "Initialise_txtEmailSubjectLine": [
              "Succeeded"
            ]
          },
          "metadata": {
            "operationMetadataId": "b72a4ace-b111-4fa4-acff-318f33a7fcaf"
          },
          "type": "InitializeVariable",
          "inputs": {
            "variables": [
              {
                "name": "txtEmailBody",
                "type": "string"
              }
            ]
          }
        },
        "Initialise_txtEmailSubjectLine": {
          "runAfter": {
            "Initialise_txtEmailApproverAddresses": [
              "Succeeded"
            ]
          },
          "metadata": {
            "operationMetadataId": "b09d3255-ed6e-4696-a204-8926dcdc059e"
          },
          "type": "InitializeVariable",
          "inputs": {
            "variables": [
              {
                "name": "txtEmailSubjectLine",
                "type": "string"
              }
            ]
          }
        },
        "Initialise_txtEmailApproverAddresses": {
          "runAfter": {
            "Initialise_txtApprovalDecision": [
              "Succeeded"
            ]
          },
          "metadata": {
            "operationMetadataId": "aba8fcc5-e016-4d78-af9b-f607334796cc"
          },
          "type": "InitializeVariable",
          "inputs": {
            "variables": [
              {
                "name": "txtEmailApproverAddresses",
                "type": "string"
              }
            ]
          }
        },
        "Workflow_configuration_and_initialisation": {
          "actions": {
            "Find_the_configuration_properties_for_this_ALB_site": {
              "runAfter": {
                "Parse_solution_configuration": [
                  "Succeeded"
                ]
              },
              "metadata": {
                "operationMetadataId": "9ada3547-5701-4557-99f5-b91726c8278d"
              },
              "type": "Query",
              "inputs": {
                "from": "@body('Parse_solution_configuration')?['Sites']",
                "where": "@equals(item()?['Abbreviation'], 'Core Defra')"
              }
            },
            "Site_configuration": {
              "runAfter": {
                "Find_the_configuration_properties_for_this_ALB_site": [
                  "Succeeded"
                ]
              },
              "metadata": {
                "operationMetadataId": "88284bcf-538c-4311-829f-1b4649de2150"
              },
              "type": "ParseJson",
              "inputs": {
                "content": "@first(body('Find_the_configuration_properties_for_this_ALB_site'))",
                "schema": {
                  "type": "object",
                  "properties": {
                    "Abbreviation": {
                      "type": "string"
                    },
                    "EmailAddresses": {
                      "type": "object",
                      "properties": {
                        "ALBNewsApprovers": {
                          "type": "string"
                        },
                        "ContentTeam": {
                          "type": "string"
                        },
                        "InternalCommsTeam": {
                          "type": "string"
                        }
                      }
                    },
                    "SPPermissions": {
                      "type": "object",
                      "properties": {
                        "GroupApproverID": {
                          "type": "string"
                        },
                        "GroupSiteOwnerID": {
                          "type": "string"
                        }
                      }
                    }
                  }
                }
              }
            },
            "Set_txtEmailApproverAddresses": {
              "runAfter": {
                "Site_configuration": [
                  "Succeeded"
                ]
              },
              "metadata": {
                "operationMetadataId": "f240b843-3039-4496-9eae-4bcad86031f4"
              },
              "type": "SetVariable",
              "inputs": {
                "name": "txtEmailApproverAddresses",
                "value": "@body('Site_configuration')?['EmailAddresses']?['ContentTeam']"
              }
            },
            "Get_submission_item": {
              "runAfter": {
                "Set_txtEmailApproverAddresses": [
                  "Succeeded"
                ]
              },
              "metadata": {
                "operationMetadataId": "22565e8a-b1aa-45dc-ad17-39576d5de4fe"
              },
              "type": "OpenApiConnection",
              "inputs": {
                "host": {
                  "connectionName": "shared_sharepointonline",
                  "operationId": "GetItem",
                  "apiId": "/providers/Microsoft.PowerApps/apis/shared_sharepointonline"
                },
                "parameters": {
                  "dataset": "@parameters('DefraIntranet_DataSource_SPSite (cr541_DefraIntranet_DataSource_SPSite)')",
                  "table": "@parameters('DefraIntranet_DataSource_List_ICICS (cr541_DefraIntranet_DataSource_List_ICICS)')",
                  "id": "@triggerBody()?['entity']?['ID']"
                },
                "authentication": {
                  "type": "Raw",
                  "value": "@json(decodeBase64(triggerOutputs().headers['X-MS-APIM-Tokens']))['$ConnectionKey']"
                }
              }
            },
            "Get_solution_configuration_file": {
              "runAfter": {},
              "metadata": {
                "operationMetadataId": "6d8f9bda-4dda-4862-ae7a-4647e4adbd35"
              },
              "type": "OpenApiConnection",
              "inputs": {
                "host": {
                  "connectionName": "shared_sharepointonline_1",
                  "operationId": "GetFileContentByPath",
                  "apiId": "/providers/Microsoft.PowerApps/apis/shared_sharepointonline"
                },
                "parameters": {
                  "dataset": "@parameters('DefraIntranet_DataSource_SPSite (cr541_DefraIntranet_DataSource_SPSite)')",
                  "path": "/Shared Documents/configuration.txt",
                  "inferContentType": true
                },
                "authentication": {
                  "type": "Raw",
                  "value": "@json(decodeBase64(triggerOutputs().headers['X-MS-APIM-Tokens']))['$ConnectionKey']"
                }
              }
            },
            "Parse_solution_configuration": {
              "runAfter": {
                "Get_solution_configuration_file": [
                  "Succeeded"
                ]
              },
              "metadata": {
                "operationMetadataId": "aa64038c-eef7-42ea-92c6-4bc53e14a075"
              },
              "type": "ParseJson",
              "inputs": {
                "content": "@body('Get_solution_configuration_file')",
                "schema": {
                  "type": "object",
                  "properties": {
                    "Settings": {
                      "type": "object",
                      "properties": {
                        "EmailPrefix": {
                          "type": "string"
                        }
                      }
                    },
                    "Sites": {
                      "type": "array",
                      "items": {
                        "type": "object",
                        "properties": {
                          "Abbreviation": {
                            "type": "string"
                          },
                          "EmailAddresses": {
                            "type": "object",
                            "properties": {
                              "ALBNewsApprovers": {
                                "type": "string"
                              },
                              "ContentTeam": {
                                "type": "string"
                              },
                              "InternalCommsTeam": {
                                "type": "string"
                              }
                            }
                          },
                          "SPPermissions": {
                            "type": "object",
                            "properties": {
                              "GroupApproverID": {
                                "type": "string"
                              },
                              "GroupSiteOwnerID": {
                                "type": "string"
                              }
                            }
                          }
                        },
                        "required": [
                          "Abbreviation",
                          "EmailAddresses",
                          "SPPermissions"
                        ]
                      }
                    }
                  }
                }
              }
            }
          },
          "runAfter": {
            "Initialise_txtEmailBody": [
              "Succeeded"
            ]
          },
          "metadata": {
            "operationMetadataId": "972d9a5a-e8a5-4369-b4c2-7d001ab0008f"
          },
          "type": "Scope"
        },
        "Workflow_validation._Should_it_run": {
          "actions": {
            "Has_this_item_been_processed_before": {
              "actions": {
                "It_has_so_terminate_the_workflow": {
                  "runAfter": {},
                  "metadata": {
                    "operationMetadataId": "31233ab3-10d8-4c0d-9300-b746092fd645"
                  },
                  "type": "Terminate",
                  "inputs": {
                    "runStatus": "Cancelled"
                  }
                }
              },
              "runAfter": {},
              "expression": {
                "not": {
                  "equals": [
                    "@outputs('Get_submission_item')?['body/ContentSubmissionStatus/Value']",
                    "Pending Approval"
                  ]
                }
              },
              "metadata": {
                "operationMetadataId": "ae8f0efe-2ba8-48ef-b043-5d9b3777cdcf"
              },
              "type": "If"
            }
          },
          "runAfter": {
            "Workflow_configuration_and_initialisation": [
              "Succeeded"
            ]
          },
          "metadata": {
            "operationMetadataId": "69f1c69a-ed54-40ef-849c-ea297858fdf4"
          },
          "type": "Scope"
        },
        "Main_business_logic": {
          "actions": {
            "Did_they_approve_or_reject_the_submission": {
              "actions": {
                "Set_txtApprovalDecision_to_Approved": {
                  "runAfter": {},
                  "metadata": {
                    "operationMetadataId": "5ff0821e-312c-4aae-b490-7daf9a312605"
                  },
                  "type": "SetVariable",
                  "inputs": {
                    "name": "txtApprovalDecision",
                    "value": "Approved"
                  }
                }
              },
              "runAfter": {},
              "else": {
                "actions": {
                  "Set_txtApprovalDecision_to_Rejected": {
                    "runAfter": {},
                    "metadata": {
                      "operationMetadataId": "5ff0821e-312c-4aae-b490-7daf9a312605"
                    },
                    "type": "SetVariable",
                    "inputs": {
                      "name": "txtApprovalDecision",
                      "value": "Rejected"
                    }
                  }
                }
              },
              "expression": {
                "equals": [
                  "@triggerBody()['text']",
                  "Approve"
                ]
              },
              "metadata": {
                "operationMetadataId": "ae8f0efe-2ba8-48ef-b043-5d9b3777cdcf"
              },
              "type": "If"
            },
            "Get_submitters_profile": {
              "runAfter": {
                "Did_they_approve_or_reject_the_submission": [
                  "Succeeded"
                ]
              },
              "metadata": {
                "operationMetadataId": "29763c7d-d3ac-4cb7-ae32-7c00a81f74ca"
              },
              "type": "OpenApiConnection",
              "inputs": {
                "host": {
                  "connectionName": "shared_office365users",
                  "operationId": "UserProfile_V2",
                  "apiId": "/providers/Microsoft.PowerApps/apis/shared_office365users"
                },
                "parameters": {
                  "id": "@outputs('Get_submission_item')?['body/Author/Email']"
                },
                "authentication": {
                  "type": "Raw",
                  "value": "@json(decodeBase64(triggerOutputs().headers['X-MS-APIM-Tokens']))['$ConnectionKey']"
                }
              }
            },
            "Apply_HTML_formatting_to_the_new_line_formatting_in_the_submitted_text": {
              "runAfter": {
                "Get_submitters_profile": [
                  "Succeeded"
                ]
              },
              "metadata": {
                "operationMetadataId": "6ffa76b3-fe5d-4cdb-ab48-8e43ffd6388f"
              },
              "type": "Compose",
              "inputs": "@uriComponentToString(replace(uriComponent(triggerOutputs()?['body/text_1']), '%0A', '<br/>'))"
            },
            "Is_this_a_content_or_event_submission": {
              "actions": {
                "Content_-_Set_txtEmailSubjectLine": {
                  "runAfter": {
                    "Content_-_Set_txtEmailBody": [
                      "Succeeded"
                    ]
                  },
                  "metadata": {
                    "operationMetadataId": "1dfef38f-9477-4c4e-8fde-b32c9e8c0789"
                  },
                  "type": "SetVariable",
                  "inputs": {
                    "name": "txtEmailSubjectLine",
                    "value": "Your Intranet Content Submission - @{outputs('Get_submission_item')?['body/Title']} - @{variables('txtApprovalDecision')}"
                  }
                },
                "Content_-_Set_txtEmailBody": {
                  "runAfter": {},
                  "metadata": {
                    "operationMetadataId": "ea505b82-972a-4449-97a9-f08a31149c11"
                  },
                  "type": "SetVariable",
                  "inputs": {
                    "name": "txtEmailBody",
                    "value": "<h1 class=\"summaryTitle\">Your intranet content submission has been @{toLower(variables('txtApprovalDecision'))}</h1>\n<hr class=\"summaryDivider\"/>\n<p class=\"summaryTxt \">Hi  @{outputs('Get_submitters_profile')?['body/givenName']}.</p>\n<p>Here is a summary of your submission.</p>\n<table class=\"summaryTable\">\n    <tr>\n        <th>Title:</th>\n        <td>@{outputs('Get_submission_item')?['body/Title']}</td>\n    </tr>\n    <tr>\n        <th>Date/Time of Submission:</th>\n        <td>@{formatDateTime(outputs('Get_submission_item')?['body/Created'], 'dd/MM/yyyy @ HH:mm')}</td>\n    </tr>\n     <tr>\n         <th>Approval Decision:</th>\n         <td><span style=\"font-weight:bold\">@{variables('txtApprovalDecision')}</span></td>\n     </tr>\n    <tr>\n         <th colspan=\"2\">&nbsp;</th>\n    </tr>\n    <tr>\n         <th colspan=\"2\">Approver Team Feedback (if any provided):</th>\n    </tr>\n</table>\n@{outputs('Apply_HTML_formatting_to_the_new_line_formatting_in_the_submitted_text')}"
                  }
                },
                "Switch_the_approver_email_address_if_specific_content_types_are_selected": {
                  "runAfter": {
                    "Content_-_Set_txtEmailSubjectLine": [
                      "Succeeded"
                    ]
                  },
                  "cases": {
                    "Content_-_Alert": {
                      "case": "Alert",
                      "actions": {
                        "Content_-_Alert_-_Approvers_email_address_set_to_internal_comms_team": {
                          "runAfter": {},
                          "metadata": {
                            "operationMetadataId": "3a70d5c7-c533-41a4-9784-7c3ee35665d1"
                          },
                          "type": "SetVariable",
                          "inputs": {
                            "name": "txtEmailApproverAddresses",
                            "value": "@body('Site_configuration')?['EmailAddresses']?['InternalCommsTeam']"
                          }
                        }
                      }
                    },
                    "Content_-_News_Story": {
                      "case": "News Story",
                      "actions": {
                        "Content_-_News_Story_-_Approvers_email_address_set_to_internal_comms_team": {
                          "runAfter": {},
                          "metadata": {
                            "operationMetadataId": "9c531b71-078a-4358-a7de-e1e01d976f0d"
                          },
                          "type": "SetVariable",
                          "inputs": {
                            "name": "txtEmailApproverAddresses",
                            "value": "@body('Site_configuration')?['EmailAddresses']?['InternalCommsTeam']"
                          }
                        }
                      }
                    }
                  },
                  "default": {
                    "actions": {}
                  },
                  "expression": "@outputs('Get_submission_item')?['body/ContentTypes/Value']",
                  "metadata": {
                    "operationMetadataId": "190b4644-b83a-4b03-a979-2229183a20c0"
                  },
                  "type": "Switch"
                }
              },
              "runAfter": {
                "Apply_HTML_formatting_to_the_new_line_formatting_in_the_submitted_text": [
                  "Succeeded"
                ]
              },
              "else": {
                "actions": {
                  "Event_-_Set_txtEmailSubjectLine": {
                    "runAfter": {
                      "Event_-_Set_txtEmailBody": [
                        "Succeeded"
                      ]
                    },
                    "metadata": {
                      "operationMetadataId": "ec860611-90bb-46c6-8278-ae71d1692de9"
                    },
                    "type": "SetVariable",
                    "inputs": {
                      "name": "txtEmailSubjectLine",
                      "value": "Your Intranet Event Submission - @{outputs('Get_submission_item')?['body/Title']} - @{variables('txtApprovalDecision')}"
                    }
                  },
                  "Event_-_Approvers_email_address_set_to_internal_comms_team": {
                    "runAfter": {},
                    "metadata": {
                      "operationMetadataId": "670da24d-60a4-4a16-99cf-5b086fd0afb4"
                    },
                    "type": "SetVariable",
                    "inputs": {
                      "name": "txtEmailApproverAddresses",
                      "value": "@body('Site_configuration')?['EmailAddresses']?['InternalCommsTeam']"
                    }
                  },
                  "Event_-_Set_txtEmailBody": {
                    "runAfter": {
                      "Event_-_Approvers_email_address_set_to_internal_comms_team": [
                        "Succeeded"
                      ]
                    },
                    "metadata": {
                      "operationMetadataId": "6b2532d0-c07a-4d45-ab41-10c673ec18f0"
                    },
                    "type": "SetVariable",
                    "inputs": {
                      "name": "txtEmailBody",
                      "value": "<h1 class=\"summaryTitle\">Your intranet event submission has been @{toLower(variables('txtApprovalDecision'))}</h1>\n<hr class=\"summaryDivider\"/>\n<p class=\"summaryTxt \">Hi  @{outputs('Get_submitters_profile')?['body/givenName']}.</p>\n<p>Here is a summary of your submission.</p>\n<table class=\"summaryTable\">\n    <tr>\n        <th>Title:</th>\n        <td>@{outputs('Get_submission_item')?['body/Title']}</td>\n    </tr>\n    <tr>\n        <th>Date/Time of Submission:</th>\n        <td>@{formatDateTime(outputs('Get_submission_item')?['body/Created'], 'dd/MM/yyyy @ HH:mm')}</td>\n    </tr>\n     <tr>\n         <th>Approval Decision:</th>\n         <td><span style=\"font-weight:bold\">@{variables('txtApprovalDecision')}</span></td>\n     </tr>\n    <tr>\n         <th colspan=\"2\">&nbsp;</th>\n    </tr>\n    <tr>\n         <th colspan=\"2\">Approver Team Feedback (if any provided):</th>\n    </tr>\n</table>\n@{outputs('Apply_HTML_formatting_to_the_new_line_formatting_in_the_submitted_text')}"
                    }
                  }
                }
              },
              "expression": {
                "startsWith": [
                  "@outputs('Get_submission_item')?['body/{ContentType}/Name']",
                  "Content Submission Request"
                ]
              },
              "metadata": {
                "operationMetadataId": "2ae4250b-bc26-4caa-bf6a-c0a40ca9d14c"
              },
              "type": "If"
            },
            "Send_an_email_to_the_submitter": {
              "runAfter": {
                "Is_this_a_content_or_event_submission": [
                  "Succeeded"
                ]
              },
              "metadata": {
                "operationMetadataId": "a6f25aad-989d-400e-b8ad-7e8de5031e8d"
              },
              "type": "OpenApiConnection",
              "inputs": {
                "host": {
                  "connectionName": "shared_office365",
                  "operationId": "SendEmailV2",
                  "apiId": "/providers/Microsoft.PowerApps/apis/shared_office365"
                },
                "parameters": {
                  "emailMessage/To": "@outputs('Get_submission_item')?['body/Author/Email']",
                  "emailMessage/Subject": "@{variables('txtEmailSubjectLine')}@{body('Parse_solution_configuration')?['Settings']?['EmailPrefix']}",
                  "emailMessage/Body": "<style>\n    .summaryTitle {\n        color: #0077ff;\n        font-weight: 600;\n        font-size: 1.5em;\n   }\n    .summaryDivider {\n        border-top: 1px solid #0077ff;\n    }\n    .summaryTxt {\n        font-family: \"Segoe UI\", Arial, sans-serif;\n    }\n    .summaryTable tr,th,td {\n        font-family: \"Segoe UI\", Arial, sans-serif;text-align: left\n    }\n    .summaryTable th {\n        padding-right: 10px\n    }\n</style>\n@{variables('txtEmailBody')}\n<div style=\"margin:15px 0px\"><hr class=\"summaryDivider\"/></div>\n<p class=\"summaryTxt\"><a href=\"@{parameters('DefraIntranet_DataSource_SPSite (cr541_DefraIntranet_DataSource_SPSite)')}/@{outputs('Get_submission_item')?['body/{Path}']}/DispForm.aspx?ID=@{triggerBody()?['entity']?['ID']}\">Review the full submission details</a></p>",
                  "emailMessage/ReplyTo": "@variables('txtEmailApproverAddresses')",
                  "emailMessage/Importance": "Normal"
                },
                "authentication": {
                  "type": "Raw",
                  "value": "@json(decodeBase64(triggerOutputs().headers['X-MS-APIM-Tokens']))['$ConnectionKey']"
                }
              }
            },
            "Update_submission_item_status_and_set_email_sent_flag": {
              "runAfter": {
                "Send_an_email_to_the_submitter": [
                  "Succeeded"
                ]
              },
              "metadata": {
                "operationMetadataId": "6fe84a6c-dfb2-423a-82fa-c6cf3d3025b2"
              },
              "type": "OpenApiConnection",
              "inputs": {
                "host": {
                  "connectionName": "shared_sharepointonline",
                  "operationId": "HttpRequest",
                  "apiId": "/providers/Microsoft.PowerApps/apis/shared_sharepointonline"
                },
                "parameters": {
                  "dataset": "@parameters('DefraIntranet_DataSource_SPSite (cr541_DefraIntranet_DataSource_SPSite)')",
                  "parameters/method": "POST",
                  "parameters/uri": "/_api/web/Lists('@{parameters('DefraIntranet_DataSource_List_ICICS (cr541_DefraIntranet_DataSource_List_ICICS)')}')/items(@{triggerBody()?['entity']?['ID']})/validateUpdateListItem",
                  "parameters/headers": {
                    "content-type": "application/json;odata=verbose",
                    "accept": "application/json;odata=verbose"
                  },
                  "parameters/body": "{\n    \"formValues\":[\n\t{\n\t    \"FieldName\": \"ContentSubmissionStatus\",\n\t    \"FieldValue\": \"@{variables('txtApprovalDecision')}\"\n\t}\n    ]\n}"
                },
                "authentication": {
                  "type": "Raw",
                  "value": "@json(decodeBase64(triggerOutputs().headers['X-MS-APIM-Tokens']))['$ConnectionKey']"
                }
              }
            },
            "Reset_inheritance_on_the_submission": {
              "runAfter": {
                "Update_submission_item_status_and_set_email_sent_flag": [
                  "Succeeded"
                ]
              },
              "metadata": {
                "operationMetadataId": "5ac21558-4d28-4911-8751-02c12de37ed3"
              },
              "type": "OpenApiConnection",
              "inputs": {
                "host": {
                  "connectionName": "shared_sharepointonline",
                  "operationId": "HttpRequest",
                  "apiId": "/providers/Microsoft.PowerApps/apis/shared_sharepointonline"
                },
                "parameters": {
                  "dataset": "@parameters('DefraIntranet_DataSource_SPSite (cr541_DefraIntranet_DataSource_SPSite)')",
                  "parameters/method": "POST",
                  "parameters/uri": "/_api/web/Lists('@{parameters('DefraIntranet_DataSource_List_ICICS (cr541_DefraIntranet_DataSource_List_ICICS)')}')/items(@{outputs('Get_submission_item')?['body/ID']})/ResetRoleInheritance",
                  "parameters/headers": {
                    "content-type": "application/json;odata=verbose",
                    "accept": "application/json;odata=verbose"
                  }
                },
                "authentication": {
                  "type": "Raw",
                  "value": "@json(decodeBase64(triggerOutputs().headers['X-MS-APIM-Tokens']))['$ConnectionKey']"
                }
              }
            },
            "Break_inheritance_on_the_submission_and_remove_all_the_permissions": {
              "runAfter": {
                "Reset_inheritance_on_the_submission": [
                  "Succeeded"
                ]
              },
              "metadata": {
                "operationMetadataId": "c2962875-eac5-4d9b-a8ae-37fdf1e19835"
              },
              "type": "OpenApiConnection",
              "inputs": {
                "host": {
                  "connectionName": "shared_sharepointonline",
                  "operationId": "HttpRequest",
                  "apiId": "/providers/Microsoft.PowerApps/apis/shared_sharepointonline"
                },
                "parameters": {
                  "dataset": "@parameters('DefraIntranet_DataSource_SPSite (cr541_DefraIntranet_DataSource_SPSite)')",
                  "parameters/method": "POST",
                  "parameters/uri": "/_api/web/Lists('@{parameters('DefraIntranet_DataSource_List_ICICS (cr541_DefraIntranet_DataSource_List_ICICS)')}')/items(@{outputs('Get_submission_item')?['body/ID']})/BreakRoleInheritance(copyRoleAssignments=false,clearSubscopes=true)",
                  "parameters/headers": {
                    "content-type": "application/json;odata=verbose",
                    "accept": "application/json;odata=verbose"
                  }
                },
                "authentication": {
                  "type": "Raw",
                  "value": "@json(decodeBase64(triggerOutputs().headers['X-MS-APIM-Tokens']))['$ConnectionKey']"
                }
              }
            },
            "Give_back_the_SharePoint_site_owners_group_full_control_": {
              "runAfter": {
                "Break_inheritance_on_the_submission_and_remove_all_the_permissions": [
                  "Succeeded"
                ]
              },
              "metadata": {
                "operationMetadataId": "a329e0e1-069b-49e5-a9f0-3579b822f871"
              },
              "type": "OpenApiConnection",
              "inputs": {
                "host": {
                  "connectionName": "shared_sharepointonline",
                  "operationId": "HttpRequest",
                  "apiId": "/providers/Microsoft.PowerApps/apis/shared_sharepointonline"
                },
                "parameters": {
                  "dataset": "@parameters('DefraIntranet_DataSource_SPSite (cr541_DefraIntranet_DataSource_SPSite)')",
                  "parameters/method": "POST",
                  "parameters/uri": "/_api/web/Lists('@{parameters('DefraIntranet_DataSource_List_ICICS (cr541_DefraIntranet_DataSource_List_ICICS)')}')/items(@{outputs('Get_submission_item')?['body/ID']})/roleAssignments/AddRoleAssignment(PrincipalId=@{body('Site_configuration')?['SPPermissions']?['GroupSiteOwnerID']}, roleDefId=1073741829)",
                  "parameters/headers": {
                    "content-type": "application/json;odata=verbose",
                    "accept": "application/json;odata=verbose"
                  }
                },
                "authentication": {
                  "type": "Raw",
                  "value": "@json(decodeBase64(triggerOutputs().headers['X-MS-APIM-Tokens']))['$ConnectionKey']"
                }
              }
            },
            "Give_the_SharePoint_approvers_group_read_permissions": {
              "runAfter": {
                "Give_back_the_SharePoint_site_owners_group_full_control_": [
                  "Succeeded"
                ]
              },
              "metadata": {
                "operationMetadataId": "fed44818-d27c-4eb1-8c8f-7cf03f315b40"
              },
              "type": "OpenApiConnection",
              "inputs": {
                "host": {
                  "connectionName": "shared_sharepointonline",
                  "operationId": "HttpRequest",
                  "apiId": "/providers/Microsoft.PowerApps/apis/shared_sharepointonline"
                },
                "parameters": {
                  "dataset": "@parameters('DefraIntranet_DataSource_SPSite (cr541_DefraIntranet_DataSource_SPSite)')",
                  "parameters/method": "POST",
                  "parameters/uri": "/_api/web/Lists('@{parameters('DefraIntranet_DataSource_List_ICICS (cr541_DefraIntranet_DataSource_List_ICICS)')}')/items(@{outputs('Get_submission_item')?['body/ID']})/roleAssignments/AddRoleAssignment(PrincipalId=@{body('Site_configuration')?['SPPermissions']?['GroupApproverID']}, roleDefId=1073741826)",
                  "parameters/headers": {
                    "content-type": "application/json;odata=verbose",
                    "accept": "application/json;odata=verbose"
                  }
                },
                "authentication": {
                  "type": "Raw",
                  "value": "@json(decodeBase64(triggerOutputs().headers['X-MS-APIM-Tokens']))['$ConnectionKey']"
                }
              }
            },
            "Grant_the_submitter_rights_to_read_this_submission": {
              "runAfter": {
                "Give_the_SharePoint_approvers_group_read_permissions": [
                  "Succeeded"
                ]
              },
              "metadata": {
                "operationMetadataId": "8bd7bbea-bdc6-47f7-8af3-37a55f751ffd"
              },
              "type": "OpenApiConnection",
              "inputs": {
                "host": {
                  "connectionName": "shared_sharepointonline",
                  "operationId": "GrantAccess",
                  "apiId": "/providers/Microsoft.PowerApps/apis/shared_sharepointonline"
                },
                "parameters": {
                  "dataset": "@parameters('DefraIntranet_DataSource_SPSite (cr541_DefraIntranet_DataSource_SPSite)')",
                  "table": "@parameters('EAIntranet_Datasource_List_ICICS (cr541_EAIntranet_Datasource_List_ICICS)')",
                  "id": "@outputs('Get_submission_item')?['body/ID']",
                  "parameter/recipients": "@outputs('Get_submission_item')?['body/Author/Email']",
                  "parameter/roleValue": "role:1073741826",
                  "parameter/sendEmail": false
                },
                "authentication": {
                  "type": "Raw",
                  "value": "@json(decodeBase64(triggerOutputs().headers['X-MS-APIM-Tokens']))['$ConnectionKey']"
                }
              }
            }
          },
          "runAfter": {
            "Workflow_validation._Should_it_run": [
              "Succeeded"
            ]
          },
          "metadata": {
            "operationMetadataId": "7413254b-606a-4221-b235-7f6df99a807c"
          },
          "type": "Scope"
        }
      }
    },
    "templateName": ""
  },
  "schemaVersion": "1.0.0.0"
}