{
  "properties": {
    "connectionReferences": {
      "shared_office365": {
        "runtimeSource": "embedded",
        "connection": {
          "connectionReferenceLogicalName": "new_sharedoffice365_fce09"
        },
        "api": {
          "name": "shared_office365"
        }
      },
      "shared_sharepointonline": {
        "runtimeSource": "embedded",
        "connection": {
          "connectionReferenceLogicalName": "cr541_sharedsharepointonline_55552"
        },
        "api": {
          "name": "shared_sharepointonline"
        }
      },
      "shared_office365users": {
        "runtimeSource": "embedded",
        "connection": {
          "connectionReferenceLogicalName": "new_sharedoffice365users_c6708"
        },
        "api": {
          "name": "shared_office365users"
        }
      }
    },
    "definition": {
      "$schema": "https://schema.management.azure.com/providers/Microsoft.Logic/schemas/2016-06-01/workflowdefinition.json#",
      "contentVersion": "1.0.0.0",
      "parameters": {
        "$connections": {
          "defaultValue": {},
          "type": "Object"
        },
        "$authentication": {
          "defaultValue": {},
          "type": "SecureObject"
        }
      },
      "triggers": {
        "When_a_new_submission_is_created": {
          "recurrence": {
            "interval": 5,
            "frequency": "Minute"
          },
          "splitOn": "@triggerOutputs()?['body/value']",
          "metadata": {
            "operationMetadataId": "7fb3f8ef-6dec-4b07-8224-e1f4a9f36d8f"
          },
          "type": "OpenApiConnection",
          "inputs": {
            "host": {
              "connectionName": "shared_sharepointonline",
              "operationId": "GetOnNewItems",
              "apiId": "/providers/Microsoft.PowerApps/apis/shared_sharepointonline"
            },
            "parameters": {
              "dataset": "https://buckinghamdevelopment.sharepoint.com/sites/DefraIntranet",
              "table": "a81146c1-6101-419f-b3d1-b3a9aac1b737"
            },
            "authentication": "@parameters('$authentication')"
          }
        }
      },
      "actions": {
        "Initialize_txtContentRelatedTo": {
          "runAfter": {},
          "metadata": {
            "operationMetadataId": "9983784c-a144-4b82-8c44-ba00ac5edf31"
          },
          "type": "InitializeVariable",
          "inputs": {
            "variables": [
              {
                "name": "txtContentRelatedTo",
                "type": "string"
              }
            ]
          }
        },
        "Initialize_txtApproversEmailAddresses": {
          "runAfter": {
            "Initialize_txtContentRelatedTo": [
              "Succeeded"
            ]
          },
          "metadata": {
            "operationMetadataId": "aba8fcc5-e016-4d78-af9b-f607334796cc"
          },
          "type": "InitializeVariable",
          "inputs": {
            "variables": [
              {
                "name": "txtApproversEmailAddresses",
                "type": "string",
                "value": "DefraApprovers@buckinghamdevelopment.co.uk"
              }
            ]
          }
        },
        "Initialize_txtSiteURL": {
          "runAfter": {
            "Initialize_txtListName": [
              "Succeeded"
            ]
          },
          "metadata": {
            "operationMetadataId": "f08a8f4b-9e64-46e7-9741-82f6e19a8547"
          },
          "type": "InitializeVariable",
          "inputs": {
            "variables": [
              {
                "name": "txtSiteURL",
                "type": "string",
                "value": "https://buckinghamdevelopment.sharepoint.com/sites/DefraIntranet"
              }
            ]
          }
        },
        "Initialize_txtInternalListName": {
          "runAfter": {
            "Initialize_txtApproversEmailAddresses": [
              "Succeeded"
            ]
          },
          "metadata": {
            "operationMetadataId": "32d16caa-b3d1-4f20-bcbc-717ebcb00bb9"
          },
          "type": "InitializeVariable",
          "inputs": {
            "variables": [
              {
                "name": "txtInternalListName",
                "type": "string",
                "value": "ICICS"
              }
            ]
          }
        },
        "Initialize_txtListName": {
          "runAfter": {
            "Initialize_txtInternalListName": [
              "Succeeded"
            ]
          },
          "metadata": {
            "operationMetadataId": "d1dfdd9e-8a55-4a61-8221-5916c5b0c0ce"
          },
          "type": "InitializeVariable",
          "inputs": {
            "variables": [
              {
                "name": "txtListName",
                "type": "string",
                "value": "Internal Comms Intranet Content Submissions"
              }
            ]
          }
        },
        "Send_an_Email_to_The_Content_Editors": {
          "runAfter": {
            "Apply_HTML_formatting_to_the_new_line_formatting_in_the_submitted_text": [
              "Succeeded"
            ]
          },
          "metadata": {
            "operationMetadataId": "c172166c-0f3a-4c92-a672-ccd89242a26f"
          },
          "type": "OpenApiConnection",
          "inputs": {
            "host": {
              "connectionName": "shared_office365",
              "operationId": "SendEmailV2",
              "apiId": "/providers/Microsoft.PowerApps/apis/shared_office365"
            },
            "parameters": {
              "emailMessage/To": "@variables('txtApproversEmailAddresses')",
              "emailMessage/Subject": "Intranet Content Submission Request - Summary",
              "emailMessage/Body": "<style>\n    .summaryTitle {\n        color: #0077ff;\n        font-weight: 600;\n        font-size: 1.5em;\n   }\n\n    .summaryDivider {\n        border-top: 1px solid #0077ff;\n    }\n\n    .summaryTxt {\n        font-family: \"Segoe UI\", Arial, sans-serif;\n    }\n\n    .summaryTable tr,th,td {\n        font-family: \"Segoe UI\", Arial, sans-serif;text-align: left\n    }\n\n    .summaryTable th {\n        padding-right: 10px\n    }\n</style>\n\n<h1 class=\"summaryTitle\">Intranet Content Submission Request Summary</h1>\n<hr class=\"summaryDivider\"/>\n\n<p class=\"summaryTxt \">The following intranet content submission request has been raised by '<a href=\"mailto:@{triggerOutputs()?['body/Author/Email']}?subject=Enquiry Related to Your Intranet Content Submission '@{triggerOutputs()?['body/Title']}'\">@{triggerBody()?['Author']?['DisplayName']}</a>'. </p>\n\n<table class=\"summaryTable\">\n    <tr>\n        <th>Submitter:</th>\n        <td>@{triggerBody()?['Author']?['DisplayName']}</td>\n    </tr>\n    <tr>\n        <th>Date/Time of Submission:</th>\n        <td>@{formatDateTime(triggerBody()?['Created'],'dd/MM/yyyy @ HH:mm')}</td>\n    </tr>\n    <tr>\n        <th>Title:</th>\n        <td>@{triggerBody()?['Title']}</td>\n    </tr>\n     <tr>\n         <th>Content Relevant To:</th>\n         <td>@{outputs('Remove_the_last_comma_from_the_txtContentRelatedTo_string')}</td>\n     </tr>\n     <tr>\n         <th>Content Type:</th>\n         <td>@{triggerBody()?['ContentTypes']?['Value']}</td>\n    </tr>\n    <tr>\n        <th>Preferred Timing:</th>\n        <td>@{formatDateTime(triggerBody()?['PublishBy'],'dd/MM/yyyy @ HH:mm')}</td>\n    </tr>\n    <tr>\n         <th colspan=\"2\">Text:</th>\n    </tr>\n</table>\n@{outputs('Apply_HTML_formatting_to_the_new_line_formatting_in_the_submitted_text')}\n<div style=\"margin:15px 0px\"><hr class=\"summaryDivider\"/></div>\n<p class=\"summaryTxt\"><a href=\"@{variables('txtSiteURL')}/@{triggerBody()?['{Path}']}EditForm.aspx?ID=@{triggerBody()?['ID']}\">Review / Edit the Full Submission Details</a></p>",
              "emailMessage/ReplyTo": "@triggerOutputs()?['body/Author/Email']",
              "emailMessage/Importance": "Normal"
            },
            "authentication": "@parameters('$authentication')"
          }
        },
        "Send_an_Email_to_the_Submission_Creator": {
          "runAfter": {
            "Get_Submitters_Profile": [
              "Succeeded"
            ]
          },
          "metadata": {
            "operationMetadataId": "a6f25aad-989d-400e-b8ad-7e8de5031e8d"
          },
          "type": "OpenApiConnection",
          "inputs": {
            "host": {
              "connectionName": "shared_office365",
              "operationId": "SendEmailV2",
              "apiId": "/providers/Microsoft.PowerApps/apis/shared_office365"
            },
            "parameters": {
              "emailMessage/To": "@triggerOutputs()?['body/Author/Email']",
              "emailMessage/Subject": "Intranet Content Submission Request - Summary",
              "emailMessage/Body": "<style>\n    .summaryTitle {\n        color: #0077ff;\n        font-weight: 600;\n        font-size: 1.5em;\n   }\n\n    .summaryDivider {\n        border-top: 1px solid #0077ff;\n    }\n\n    .summaryTxt {\n        font-family: \"Segoe UI\", Arial, sans-serif;\n    }\n\n    .summaryTable tr,th,td {\n        font-family: \"Segoe UI\", Arial, sans-serif;text-align: left\n    }\n\n    .summaryTable th {\n        padding-right: 10px\n    }\n</style>\n\n<h1 class=\"summaryTitle\">Intranet Content Submission Request Summary</h1>\n<hr class=\"summaryDivider\"/>\n\n<p class=\"summaryTxt \">Hi  @{outputs('Get_Submitters_Profile')?['body/givenName']}.</p>\n<p>Here is a summary of your recent Intranet content submission.</p>\n\n<table class=\"summaryTable\">\n    <tr>\n        <th>Submitter:</th>\n        <td>@{triggerBody()?['Author']?['DisplayName']}</td>\n    </tr>\n    <tr>\n        <th>Date/Time of Submission:</th>\n        <td>@{formatDateTime(triggerBody()?['Created'],'dd/MM/yyyy @ HH:mm')}</td>\n    </tr>\n    <tr>\n        <th>Title:</th>\n        <td>@{triggerBody()?['Title']}</td>\n    </tr>\n     <tr>\n         <th>Content Relevant To:</th>\n         <td>@{outputs('Remove_the_last_comma_from_the_txtContentRelatedTo_string')}</td>\n     </tr>\n     <tr>\n         <th>Content Type:</th>\n         <td>@{triggerBody()?['ContentTypes']?['Value']}</td>\n    </tr>\n    <tr>\n        <th>Preferred Timing:</th>\n        <td>@{formatDateTime(triggerBody()?['PublishBy'],'dd/MM/yyyy @ HH:mm')}</td>\n    </tr>\n    <tr>\n         <th colspan=\"2\">Text:</th>\n    </tr>\n</table>\n@{outputs('Apply_HTML_formatting_to_the_new_line_formatting_in_the_submitted_text')}\n<div style=\"margin:15px 0px\"><hr class=\"summaryDivider\"/></div>\n<p class=\"summaryTxt\"><a href=\"@{variables('txtSiteURL')}/@{triggerBody()?['{Path}']}DispForm.aspx?ID=@{triggerBody()?['ID']}\">Review the full submission details</a></p>",
              "emailMessage/ReplyTo": "@variables('txtApproversEmailAddresses')",
              "emailMessage/Importance": "Normal"
            },
            "authentication": "@parameters('$authentication')"
          }
        },
        "Populate_txtContentRelatedTo_with_a_string_list_of_the_selected_terms": {
          "foreach": "@triggerOutputs()?['body/OrganisationIntranets']",
          "actions": {
            "Get_Label_from_Term": {
              "runAfter": {},
              "metadata": {
                "operationMetadataId": "e3150e6a-df92-4eec-b602-d4271fee3e41"
              },
              "type": "Compose",
              "inputs": "@items('Populate_txtContentRelatedTo_with_a_string_list_of_the_selected_terms')?['Label']"
            },
            "Append_to_txtContentRelatedTo_String": {
              "runAfter": {
                "Get_Label_from_Term": [
                  "Succeeded"
                ]
              },
              "metadata": {
                "operationMetadataId": "277ad325-6161-4bde-9fa4-d9254a8ed03e"
              },
              "type": "AppendToStringVariable",
              "inputs": {
                "name": "txtContentRelatedTo",
                "value": "@concat(outputs('Get_Label_from_Term'),', ')"
              }
            }
          },
          "runAfter": {
            "Initialize_txtSiteURL": [
              "Succeeded"
            ]
          },
          "metadata": {
            "operationMetadataId": "1e02caaa-e517-4f00-b05f-56356c3845f3"
          },
          "type": "Foreach"
        },
        "Remove_the_last_comma_from_the_txtContentRelatedTo_string": {
          "runAfter": {
            "Populate_txtContentRelatedTo_with_a_string_list_of_the_selected_terms": [
              "Succeeded"
            ]
          },
          "metadata": {
            "operationMetadataId": "5b211860-fe9b-41e3-b28c-58523086fff3"
          },
          "type": "Compose",
          "inputs": "@substring(variables('txtContentRelatedTo'), 0, sub(length(variables('txtContentRelatedTo')), 2))"
        },
        "Apply_HTML_formatting_to_the_new_line_formatting_in_the_submitted_text": {
          "runAfter": {
            "Remove_the_last_comma_from_the_txtContentRelatedTo_string": [
              "Succeeded"
            ]
          },
          "metadata": {
            "operationMetadataId": "6ffa76b3-fe5d-4cdb-ab48-8e43ffd6388f"
          },
          "type": "Compose",
          "inputs": "@uriComponentToString(replace(uriComponent(triggerOutputs()?['body/ContentSubmissionDescription']), '%0A', '<br/>'))"
        },
        "Get_Submitters_Profile": {
          "runAfter": {
            "Apply_HTML_formatting_to_the_new_line_formatting_in_the_submitted_text": [
              "Succeeded"
            ]
          },
          "metadata": {
            "operationMetadataId": "29763c7d-d3ac-4cb7-ae32-7c00a81f74ca"
          },
          "type": "OpenApiConnection",
          "inputs": {
            "host": {
              "connectionName": "shared_office365users",
              "operationId": "UserProfile_V2",
              "apiId": "/providers/Microsoft.PowerApps/apis/shared_office365users"
            },
            "parameters": {
              "id": "@triggerOutputs()?['body/Author/Email']"
            },
            "authentication": "@parameters('$authentication')"
          }
        }
      }
    },
    "templateName": ""
  },
  "schemaVersion": "1.0.0.0"
}