{
  "environmentvariablevalues": {
    "environmentvariablevalue": {
      "@environmentvariablevalueid": "f57585a2-9c9d-ee11-be37-000d3ab696be",
      "iscustomizable": "1",
      "value": "{\"Abbreviation\":\"EA\",\"ApprovalSettings\":{\"AutoApprove\":\"false\"},\"EmailAddresses\":{\"ALBNewsApprovers\":\"EAApprovers@buckinghamdevelopment.co.uk\",\"ContentTeam\":\"james@buckinghamdevelopment.co.uk\",\"DDTSTeam\":\"james@buckinghamdevelopment.co.uk\",\"InternalCommsTeam\":\"james@buckinghamdevelopment.co.uk\"},\"Site\":{\"URL\":\"https://buckinghamdevelopment.sharepoint.com/sites/EAIntranet\"},\"SPPermissions\":{\"GroupApproverID\":\"5\",\"GroupSiteOwnerID\":\"3\"}}"
    }
  }
}