<environmentvariabledefinition schemaname="cr541_DefraIntranet_SPGroupSiteMemberID">
  <description default="The ID of the site members group for the Defra Intranet SharePoint site">
    <label description="The ID of the site members group for the Defra Intranet SharePoint site" languagecode="1033" />
  </description>
  <displayname default="DefraIntranet_SPGroupSiteMemberID">
    <label description="DefraIntranet_SPGroupSiteMemberID" languagecode="1033" />
  </displayname>
  <introducedversion>1.1.0.4</introducedversion>
  <iscustomizable>1</iscustomizable>
  <isrequired>0</isrequired>
  <secretstore>0</secretstore>
  <type>100000000</type>
</environmentvariabledefinition>