{
  "properties": {
    "connectionReferences": {
      "shared_sharepointonline": {
        "runtimeSource": "embedded",
        "connection": {
          "connectionReferenceLogicalName": "cr541_sharedsharepointonline_55552"
        },
        "api": {
          "name": "shared_sharepointonline"
        }
      },
      "shared_approvals_4": {
        "runtimeSource": "embedded",
        "connection": {
          "connectionReferenceLogicalName": "cr541_sharedapprovals_37a6c"
        },
        "api": {
          "name": "shared_approvals"
        }
      }
    },
    "definition": {
      "$schema": "https://schema.management.azure.com/providers/Microsoft.Logic/schemas/2016-06-01/workflowdefinition.json#",
      "contentVersion": "1.0.0.0",
      "parameters": {
        "$connections": {
          "defaultValue": {},
          "type": "Object"
        },
        "$authentication": {
          "defaultValue": {},
          "type": "SecureObject"
        },
        "IntranetSiteApprovals_TenantURL (cr541_IntranetSiteApprovals_TenantURL)": {
          "defaultValue": "https://defradev.sharepoint.com",
          "type": "String",
          "metadata": {
            "schemaName": "cr541_IntranetSiteApprovals_TenantURL"
          }
        },
        "IntranetSiteApprovals_SiteURL (cr541_IntranetSiteApprovals_EA_SiteURL)": {
          "defaultValue": "sites/IntranetHub",
          "type": "String",
          "metadata": {
            "schemaName": "cr541_IntranetSiteApprovals_EA_SiteURL"
          }
        }
      },
      "triggers": {
        "When_a_new_submission_is_created": {
          "recurrence": {
            "interval": 5,
            "frequency": "Minute"
          },
          "splitOn": "@triggerOutputs()?['body/value']",
          "metadata": {
            "operationMetadataId": "7fb3f8ef-6dec-4b07-8224-e1f4a9f36d8f"
          },
          "type": "OpenApiConnection",
          "inputs": {
            "host": {
              "connectionName": "shared_sharepointonline",
              "operationId": "GetOnNewItems",
              "apiId": "/providers/Microsoft.PowerApps/apis/shared_sharepointonline"
            },
            "parameters": {
              "dataset": "https://defradev.sharepoint.com/sites/DefraIntranet",
              "table": "4fe8d794-c7f7-40e7-8903-8e6797a2c24e"
            },
            "authentication": "@parameters('$authentication')"
          }
        }
      },
      "actions": {
        "Initialize_arrPublishedSiteChoiceArray": {
          "runAfter": {},
          "metadata": {
            "operationMetadataId": "9983784c-a144-4b82-8c44-ba00ac5edf31"
          },
          "type": "InitializeVariable",
          "inputs": {
            "variables": [
              {
                "name": "arrPublishedSiteChoiceArray",
                "type": "array"
              }
            ]
          }
        },
        "Initialize_txtApproversEmailAddresses": {
          "runAfter": {
            "Initialize_arrPublishedSiteChoiceArray": [
              "Succeeded"
            ]
          },
          "metadata": {
            "operationMetadataId": "aba8fcc5-e016-4d78-af9b-f607334796cc"
          },
          "type": "InitializeVariable",
          "inputs": {
            "variables": [
              {
                "name": "txtApproversEmailAddresses",
                "type": "string"
              }
            ]
          }
        },
        "Initialize_txtSiteURL": {
          "runAfter": {
            "Initialize_txtApproversEmailAddresses": [
              "Succeeded"
            ]
          },
          "metadata": {
            "operationMetadataId": "f08a8f4b-9e64-46e7-9741-82f6e19a8547"
          },
          "type": "InitializeVariable",
          "inputs": {
            "variables": [
              {
                "name": "txtSiteURL",
                "type": "string",
                "value": "@{parameters('IntranetSiteApprovals_TenantURL (cr541_IntranetSiteApprovals_TenantURL)')}/@{parameters('IntranetSiteApprovals_SiteURL (cr541_IntranetSiteApprovals_EA_SiteURL)')}"
              }
            ]
          }
        },
        "Initialize_txtSPApproverGroupName": {
          "runAfter": {
            "Initialize_txtSiteURL": [
              "Succeeded"
            ]
          },
          "metadata": {
            "operationMetadataId": "c0ece28f-9d55-4692-80e6-54db399cee85"
          },
          "type": "InitializeVariable",
          "inputs": {
            "variables": [
              {
                "name": "txtSPApproverGroupName",
                "type": "string",
                "value": "Intranet Content Submission Approvers"
              }
            ]
          }
        },
        "Initialize_txtItemApprovalStatus": {
          "runAfter": {
            "Initialize_txtSPApproverGroupName": [
              "Succeeded"
            ]
          },
          "metadata": {
            "operationMetadataId": "f59b30d4-480b-4196-ad53-7837a33bf5d5"
          },
          "type": "InitializeVariable",
          "inputs": {
            "variables": [
              {
                "name": "txtItemApprovalStatus",
                "type": "string"
              }
            ]
          }
        },
        "Reconstruct_Site(s)_to_be_Published_choice_options_for_writeback": {
          "foreach": "@triggerOutputs()?['body/ContentTypes']",
          "actions": {
            "Append_to_arrPublishedSiteChoiceArray_variable": {
              "runAfter": {},
              "metadata": {
                "operationMetadataId": "dc86ce3a-b41c-4827-a5b1-6fe205cdea0d"
              },
              "type": "AppendToArrayVariable",
              "inputs": {
                "name": "arrPublishedSiteChoiceArray",
                "value": {
                  "Value": "@item()?['Value']"
                }
              }
            }
          },
          "runAfter": {
            "Initialize_txtItemApprovalStatus": [
              "Succeeded"
            ]
          },
          "metadata": {
            "operationMetadataId": "0e2047d9-6bda-43d1-8a23-65864cb584a0"
          },
          "type": "Foreach"
        },
        "Get_the_approvers_user_information_from_the_SharePoint_group": {
          "runAfter": {
            "Reconstruct_Site(s)_to_be_Published_choice_options_for_writeback": [
              "Succeeded"
            ]
          },
          "metadata": {
            "operationMetadataId": "f5cd9627-5357-42ce-b376-eed8ac44fbcd"
          },
          "type": "OpenApiConnection",
          "inputs": {
            "host": {
              "connectionName": "shared_sharepointonline",
              "operationId": "HttpRequest",
              "apiId": "/providers/Microsoft.PowerApps/apis/shared_sharepointonline"
            },
            "parameters": {
              "dataset": "@variables('txtSiteURL')",
              "parameters/method": "GET",
              "parameters/uri": "/_api/web/SiteGroups/GetByName('@{variables('txtSPApproverGroupName')}')/Users",
              "parameters/headers": {
                "accept": "application/json; odata=nometadata"
              }
            },
            "authentication": "@parameters('$authentication')"
          }
        },
        "Parse_approvers_SharePoint_group_response": {
          "runAfter": {
            "Get_the_approvers_user_information_from_the_SharePoint_group": [
              "Succeeded"
            ]
          },
          "metadata": {
            "operationMetadataId": "eb498b3b-3e2f-419f-87ae-5080e28cf1a3"
          },
          "type": "ParseJson",
          "inputs": {
            "content": "@body('Get_the_approvers_user_information_from_the_SharePoint_group')",
            "schema": {
              "type": "object",
              "properties": {
                "value": {
                  "type": "array",
                  "items": {
                    "type": "object",
                    "properties": {
                      "Id": {
                        "type": "integer"
                      },
                      "IsHiddenInUI": {
                        "type": "boolean"
                      },
                      "LoginName": {
                        "type": "string"
                      },
                      "Title": {
                        "type": "string"
                      },
                      "PrincipalType": {
                        "type": "integer"
                      },
                      "Email": {
                        "type": "string"
                      },
                      "Expiration": {
                        "type": "string"
                      },
                      "IsEmailAuthenticationGuestUser": {
                        "type": "boolean"
                      },
                      "IsShareByEmailGuestUser": {
                        "type": "boolean"
                      },
                      "IsSiteAdmin": {
                        "type": "boolean"
                      },
                      "UserId": {
                        "type": "object",
                        "properties": {
                          "NameId": {
                            "type": "string"
                          },
                          "NameIdIssuer": {
                            "type": "string"
                          }
                        }
                      },
                      "UserPrincipalName": {
                        "type": "string"
                      }
                    },
                    "required": [
                      "Id",
                      "IsHiddenInUI",
                      "LoginName",
                      "Title",
                      "PrincipalType",
                      "Email",
                      "Expiration",
                      "IsEmailAuthenticationGuestUser",
                      "IsShareByEmailGuestUser",
                      "IsSiteAdmin",
                      "UserId",
                      "UserPrincipalName"
                    ]
                  }
                }
              }
            }
          }
        },
        "Construct_Assigned_To_field_value_from_the_list_of_approvers": {
          "foreach": "@body('Parse_approvers_SharePoint_group_response')?['value']",
          "actions": {
            "Append_to_string_variable": {
              "runAfter": {},
              "metadata": {
                "operationMetadataId": "58548a63-8b76-4c2d-8ff3-3f2569ea04c0"
              },
              "type": "AppendToStringVariable",
              "inputs": {
                "name": "txtApproversEmailAddresses",
                "value": "@{items('Construct_Assigned_To_field_value_from_the_list_of_approvers')?['Email']};"
              }
            }
          },
          "runAfter": {
            "Parse_approvers_SharePoint_group_response": [
              "Succeeded"
            ]
          },
          "metadata": {
            "operationMetadataId": "fba64e98-dffb-4335-90b0-9733671b0249"
          },
          "type": "Foreach"
        },
        "Start_and_wait_for_an_approval": {
          "runAfter": {
            "Construct_Assigned_To_field_value_from_the_list_of_approvers": [
              "Succeeded"
            ]
          },
          "metadata": {
            "operationMetadataId": "ebd2d777-eb52-401a-af03-9571d9514a68"
          },
          "type": "OpenApiConnectionWebhook",
          "inputs": {
            "host": {
              "connectionName": "shared_approvals_4",
              "operationId": "StartAndWaitForAnApproval",
              "apiId": "/providers/Microsoft.PowerApps/apis/shared_approvals"
            },
            "parameters": {
              "approvalType": "Basic",
              "WebhookApprovalCreationInput/title": "Intranet Content Submission - Approval Request",
              "WebhookApprovalCreationInput/assignedTo": "@{variables('txtApproversEmailAddresses')};",
              "WebhookApprovalCreationInput/enableNotifications": true,
              "WebhookApprovalCreationInput/enableReassignment": true
            },
            "authentication": "@parameters('$authentication')"
          }
        },
        "Approve_or_Reject_Handler": {
          "actions": {
            "Item_Approval_Status_is_Approved": {
              "runAfter": {},
              "metadata": {
                "operationMetadataId": "f108e6b1-d449-40c2-9b7c-23aadf35e3bb"
              },
              "type": "SetVariable",
              "inputs": {
                "name": "txtItemApprovalStatus",
                "value": "Approved"
              }
            }
          },
          "runAfter": {
            "Start_and_wait_for_an_approval": [
              "Succeeded"
            ]
          },
          "else": {
            "actions": {
              "Item_Approval_Status_is_Rejected": {
                "runAfter": {},
                "metadata": {
                  "operationMetadataId": "c7d7f319-1703-45ef-b218-b443ab306959"
                },
                "type": "SetVariable",
                "inputs": {
                  "name": "txtItemApprovalStatus",
                  "value": "Rejected"
                }
              }
            }
          },
          "expression": {
            "equals": [
              "@outputs('Start_and_wait_for_an_approval')?['body/outcome']",
              "Approve"
            ]
          },
          "metadata": {
            "operationMetadataId": "d6c55063-5b86-475f-b25a-f3d9f39d589d"
          },
          "type": "If"
        },
        "Update_item_with_approval_decision": {
          "runAfter": {
            "Approve_or_Reject_Handler": [
              "Succeeded"
            ]
          },
          "metadata": {
            "operationMetadataId": "ed9040f0-f5ca-4fc1-bc1e-ae9e1ca84e80"
          },
          "type": "OpenApiConnection",
          "inputs": {
            "host": {
              "connectionName": "shared_sharepointonline",
              "operationId": "PatchItem",
              "apiId": "/providers/Microsoft.PowerApps/apis/shared_sharepointonline"
            },
            "parameters": {
              "dataset": "https://defradev.sharepoint.com/sites/DefraIntranet",
              "table": "4fe8d794-c7f7-40e7-8903-8e6797a2c24e",
              "id": "@triggerOutputs()?['body/ID']",
              "item/Title": "@triggerOutputs()?['body/Title']",
              "item/ContentSubmissionDescription": "test",
              "item/PublishBy": "@parseDateTime(utcNow())",
              "item/ContentRelevantTo": [
                {
                  "Value": "APHA"
                }
              ],
              "item/ContentSubmissionStatus/Value": "@variables('txtItemApprovalStatus')"
            },
            "authentication": "@parameters('$authentication')"
          }
        }
      }
    },
    "templateName": ""
  },
  "schemaVersion": "1.0.0.0"
}