<environmentvariabledefinition schemaname="cr541__Intranet_ContentApproval_Configuration_Sites_MMO">
  <description default="Configuration Settings for MMO">
    <label description="Configuration Settings for MMO" languagecode="1033" />
  </description>
  <displayname default="_Intranet_ContentApproval_Configuration_Sites_MMO">
    <label description="_Intranet_ContentApproval_Configuration_Sites_MMO" languagecode="1033" />
  </displayname>
  <introducedversion>1.1.0.17</introducedversion>
  <iscustomizable>1</iscustomizable>
  <isrequired>0</isrequired>
  <secretstore>0</secretstore>
  <type>100000003</type>
</environmentvariabledefinition>