{
  "properties": {
    "connectionReferences": {},
    "definition": {
      "$schema": "https://schema.management.azure.com/providers/Microsoft.Logic/schemas/2016-06-01/workflowdefinition.json#",
      "contentVersion": "undefined",
      "parameters": {
        "$authentication": {
          "defaultValue": {},
          "type": "SecureObject"
        },
        "$connections": {
          "defaultValue": {},
          "type": "Object"
        },
        "_Intranet_ContentApproval_Configuration_GlobalSettings (cr541__Intranet_ContentApproval_Configuration_GlobalSettings)": {
          "type": "Object",
          "metadata": {
            "schemaName": "cr541__Intranet_ContentApproval_Configuration_GlobalSettings",
            "description": "Global configuration settings for the solution"
          }
        },
        "_Intranet_ContentApproval_Configuration_Sites_Defra (cr541__Intranet_ContentApproval_Configuration_Sites_Defra)": {
          "defaultValue": {
            "Abbreviation": "Core Defra",
            "ApprovalSettings": {
              "AutoApprove": "true"
            },
            "EmailAddresses": {
              "ALBNewsApprovers": "",
              "ALBNewsContactUs": "DefraApprovers@buckinghamdevelopment.co.uk",
              "ContentTeam": "james@buckinghamdevelopment.co.uk",
              "InternalCommsTeam": "DefraApprovers@buckinghamdevelopment.co.uk"
            },
            "Site": {
              "URL": "https://buckinghamdevelopment.sharepoint.com/sites/DefraIntranet"
            },
            "SPPermissions": {
              "GroupApproverID": "5",
              "GroupSiteOwnerID": "3"
            }
          },
          "type": "Object",
          "metadata": {
            "schemaName": "cr541__Intranet_ContentApproval_Configuration_Sites_Defra",
            "description": "Configuration Settings for Defra"
          }
        },
        "_Intranet_ContentApproval_Configuration_Sites_APHA (cr541__Intranet_ContentApproval_Configuration_Sites_APHA)": {
          "defaultValue": {
            "Abbreviation": "APHA",
            "ApprovalSettings": {
              "AutoApprove": "false"
            },
            "EmailAddresses": {
              "ALBNewsApprovers": "APHAApprovers@buckinghamdevelopment.co.uk",
              "ContentTeam": "james@buckinghamdevelopment.co.uk",
              "InternalCommsTeam": "APHAApprovers@buckinghamdevelopment.co.uk"
            },
            "Site": {
              "URL": "https://buckinghamdevelopment.sharepoint.com/sites/APHAIntranet"
            },
            "SPPermissions": {
              "GroupApproverID": "5",
              "GroupSiteOwnerID": "3"
            }
          },
          "type": "Object",
          "metadata": {
            "schemaName": "cr541__Intranet_ContentApproval_Configuration_Sites_APHA",
            "description": "Configuration Settings for APHA "
          }
        },
        "_Intranet_ContentApproval_Configuration_Sites_EA (cr541__Intranet_ContentApproval_Configuration_Sites_EA)": {
          "defaultValue": {
            "Abbreviation": "EA",
            "ApprovalSettings": {
              "AutoApprove": "false"
            },
            "EmailAddresses": {
              "ALBNewsApprovers": "eainternalcommunications@defradev.onmicrosoft.com",
              "ContentTeam": "eacontentteam@defradev.onmicrosoft.com",
              "DDTSTeam": "james.buckingham@defradev.onmicrosoft.com",
              "InternalCommsTeam": "eainternalcommunications@defradev.onmicrosoft.com"
            },
            "Site": {
              "URL": "https://defradev.sharepoint.com/sites/EAIntranet"
            },
            "SPPermissions": {
              "GroupApproverID": "5",
              "GroupSiteOwnerID": "3"
            }
          },
          "type": "Object",
          "metadata": {
            "schemaName": "cr541__Intranet_ContentApproval_Configuration_Sites_EA",
            "description": "Configuration Settings for EA"
          }
        },
        "_Intranet_ContentApproval_Configuration_Sites_MMO (cr541__Intranet_ContentApproval_Configuration_Sites_MMO)": {
          "defaultValue": {
            "Abbreviation": "MMO",
            "ApprovalSettings": {
              "AutoApprove": "true"
            },
            "EmailAddresses": {
              "ALBNewsApprovers": "MMOApprovers@buckinghamdevelopment.co.uk",
              "ContentTeam": "james@buckinghamdevelopment.co.uk",
              "InternalCommsTeam": "MMOApprovers@buckinghamdevelopment.co.uk"
            },
            "Site": {
              "URL": "https://buckinghamdevelopment.sharepoint.com/sites/MMOIntranet"
            },
            "SPPermissions": {
              "GroupApproverID": "5",
              "GroupSiteOwnerID": "3"
            }
          },
          "type": "Object",
          "metadata": {
            "schemaName": "cr541__Intranet_ContentApproval_Configuration_Sites_MMO",
            "description": "Configuration Settings for MMO"
          }
        },
        "_Intranet_ContentApproval_Configuration_Sites_NE (cr541__Intranet_ContentApproval_Configuration_Sites_NE)": {
          "defaultValue": {
            "Abbreviation": "NE",
            "ApprovalSettings": {
              "AutoApprove": "true"
            },
            "EmailAddresses": {
              "ALBNewsApprovers": "NEApprovers@buckinghamdevelopment.co.uk",
              "ContentTeam": "james@buckinghamdevelopment.co.uk",
              "InternalCommsTeam": "NEApprovers@buckinghamdevelopment.co.uk"
            },
            "Site": {
              "URL": "https://buckinghamdevelopment.sharepoint.com/sites/NEIntranet"
            },
            "SPPermissions": {
              "GroupApproverID": "5",
              "GroupSiteOwnerID": "3"
            }
          },
          "type": "Object",
          "metadata": {
            "schemaName": "cr541__Intranet_ContentApproval_Configuration_Sites_NE",
            "description": "Configuration Settings for NE"
          }
        },
        "_Intranet_ContentApproval_Configuration_Sites_RPA (cr541__Intranet_ContentApproval_Configuration_Sites_RPA)": {
          "defaultValue": {
            "Abbreviation": "RPA",
            "ApprovalSettings": {
              "AutoApprove": "false"
            },
            "EmailAddresses": {
              "ALBNewsApprovers": "RPAApprovers@buckinghamdevelopment.co.uk",
              "ContentTeam": "james@buckinghamdevelopment.co.uk",
              "InternalCommsTeam": "RPAApprovers@buckinghamdevelopment.co.uk"
            },
            "Site": {
              "URL": "https://buckinghamdevelopment.sharepoint.com/sites/RPAIntranet"
            },
            "SPPermissions": {
              "GroupApproverID": "5",
              "GroupSiteOwnerID": "3"
            }
          },
          "type": "Object",
          "metadata": {
            "schemaName": "cr541__Intranet_ContentApproval_Configuration_Sites_RPA",
            "description": "Configuration Settings for RPA"
          }
        }
      },
      "triggers": {
        "manual": {
          "type": "Request",
          "kind": "Button",
          "inputs": {
            "schema": {
              "type": "object",
              "properties": {},
              "required": []
            }
          }
        }
      },
      "actions": {
        "Respond_to_a_PowerApp_or_flow": {
          "runAfter": {
            "Build_Configuration": [
              "Succeeded"
            ]
          },
          "type": "Response",
          "kind": "PowerApp",
          "inputs": {
            "schema": {
              "type": "object",
              "properties": {
                "configuration": {
                  "title": "Configuration",
                  "type": "string",
                  "x-ms-content-hint": "TEXT",
                  "x-ms-dynamically-added": true
                }
              },
              "additionalProperties": {}
            },
            "statusCode": 200,
            "body": {
              "configuration": "@body('Build_Configuration')"
            }
          }
        },
        "Initialize_arrSiteArray": {
          "runAfter": {},
          "type": "InitializeVariable",
          "inputs": {
            "variables": [
              {
                "name": "arrSiteArray",
                "type": "array"
              }
            ]
          }
        },
        "Append_Defra's_Settings": {
          "runAfter": {
            "Initialize_txtGlobalSettings": [
              "Succeeded"
            ]
          },
          "type": "AppendToArrayVariable",
          "inputs": {
            "name": "arrSiteArray",
            "value": "@parameters('_Intranet_ContentApproval_Configuration_Sites_Defra (cr541__Intranet_ContentApproval_Configuration_Sites_Defra)')"
          }
        },
        "Append_APHA's_Settings": {
          "runAfter": {
            "Append_Defra's_Settings": [
              "Succeeded"
            ]
          },
          "type": "AppendToArrayVariable",
          "inputs": {
            "name": "arrSiteArray",
            "value": "@parameters('_Intranet_ContentApproval_Configuration_Sites_APHA (cr541__Intranet_ContentApproval_Configuration_Sites_APHA)')"
          }
        },
        "Append_EA's_Settings": {
          "runAfter": {
            "Append_APHA's_Settings": [
              "Succeeded"
            ]
          },
          "type": "AppendToArrayVariable",
          "inputs": {
            "name": "arrSiteArray",
            "value": "@parameters('_Intranet_ContentApproval_Configuration_Sites_EA (cr541__Intranet_ContentApproval_Configuration_Sites_EA)')"
          }
        },
        "Append_MMO's_Settings": {
          "runAfter": {
            "Append_EA's_Settings": [
              "Succeeded"
            ]
          },
          "type": "AppendToArrayVariable",
          "inputs": {
            "name": "arrSiteArray",
            "value": "@parameters('_Intranet_ContentApproval_Configuration_Sites_MMO (cr541__Intranet_ContentApproval_Configuration_Sites_MMO)')"
          }
        },
        "Append_NE's_Settings": {
          "runAfter": {
            "Append_MMO's_Settings": [
              "Succeeded"
            ]
          },
          "type": "AppendToArrayVariable",
          "inputs": {
            "name": "arrSiteArray",
            "value": "@parameters('_Intranet_ContentApproval_Configuration_Sites_NE (cr541__Intranet_ContentApproval_Configuration_Sites_NE)')"
          }
        },
        "Append_RPA's_Settings": {
          "runAfter": {
            "Append_NE's_Settings": [
              "Succeeded"
            ]
          },
          "type": "AppendToArrayVariable",
          "inputs": {
            "name": "arrSiteArray",
            "value": "@parameters('_Intranet_ContentApproval_Configuration_Sites_RPA (cr541__Intranet_ContentApproval_Configuration_Sites_RPA)')"
          }
        },
        "Build_Configuration": {
          "runAfter": {
            "Set_Global_Settings_-_Step_2": [
              "Succeeded"
            ]
          },
          "type": "ParseJson",
          "inputs": {
            "content": "@concat('{',outputs('Set_Global_Settings_-_Step_2'),',\"Sites\":',variables('arrSiteArray'),'}')",
            "schema": {
              "type": "object",
              "properties": {
                "Settings": {
                  "type": "object",
                  "properties": {
                    "Email": {
                      "type": "object",
                      "properties": {
                        "CustomSubjectLabel": {
                          "type": "string"
                        }
                      }
                    }
                  }
                },
                "Sites": {
                  "type": "array",
                  "items": {
                    "type": "object",
                    "properties": {
                      "Abbreviation": {
                        "type": "string"
                      },
                      "ApprovalSettings": {
                        "type": "object",
                        "properties": {
                          "AutoApprove": {
                            "type": "string"
                          }
                        }
                      },
                      "EmailAddresses": {
                        "type": "object",
                        "properties": {
                          "ALBNewsApprovers": {
                            "type": "string"
                          },
                          "ContentTeam": {
                            "type": "string"
                          },
                          "InternalCommsTeam": {
                            "type": "string"
                          }
                        }
                      },
                      "SPPermissions": {
                        "type": "object",
                        "properties": {
                          "GroupApproverID": {
                            "type": "string"
                          },
                          "GroupSiteOwnerID": {
                            "type": "string"
                          }
                        }
                      }
                    },
                    "required": [
                      "Abbreviation",
                      "ApprovalSettings",
                      "EmailAddresses",
                      "SPPermissions"
                    ]
                  }
                }
              }
            }
          }
        },
        "Set_Global_Settings_-_Step_1": {
          "runAfter": {
            "Append_RPA's_Settings": [
              "Succeeded"
            ]
          },
          "type": "Compose",
          "inputs": "@substring(\r\n    variables('txtGlobalSettings'),\r\n    1,\r\n    sub(length(variables('txtGlobalSettings')),1)\r\n)"
        },
        "Initialize_txtGlobalSettings": {
          "runAfter": {
            "Initialize_arrSiteArray": [
              "Succeeded"
            ]
          },
          "type": "InitializeVariable",
          "inputs": {
            "variables": [
              {
                "name": "txtGlobalSettings",
                "type": "string",
                "value": "@{string(parameters('_Intranet_ContentApproval_Configuration_GlobalSettings (cr541__Intranet_ContentApproval_Configuration_GlobalSettings)'))}"
              }
            ]
          }
        },
        "Set_Global_Settings_-_Step_2": {
          "runAfter": {
            "Set_Global_Settings_-_Step_1": [
              "Succeeded"
            ]
          },
          "type": "Compose",
          "inputs": "@substring(outputs('Set_Global_Settings_-_Step_1'),0,sub(length(outputs('Set_Global_Settings_-_Step_1')),1))"
        }
      }
    },
    "templateName": null
  },
  "schemaVersion": "1.0.0.0"
}