{
  "properties": {
    "connectionReferences": {
      "shared_sharepointonline_1": {
        "runtimeSource": "invoker",
        "connection": {
          "connectionReferenceLogicalName": "cr541_sharedsharepointonline_55552"
        },
        "api": {
          "name": "shared_sharepointonline"
        }
      },
      "shared_sharepointonline": {
        "runtimeSource": "invoker",
        "connection": {
          "connectionReferenceLogicalName": "cr541_sharedsharepointonline_55552"
        },
        "api": {
          "name": "shared_sharepointonline"
        }
      },
      "shared_office365users": {
        "runtimeSource": "invoker",
        "connection": {
          "connectionReferenceLogicalName": "new_sharedoffice365users_c6708"
        },
        "api": {
          "name": "shared_office365users"
        }
      },
      "shared_office365": {
        "runtimeSource": "invoker",
        "connection": {
          "connectionReferenceLogicalName": "new_sharedoffice365_fce09"
        },
        "api": {
          "name": "shared_office365"
        }
      }
    },
    "definition": {
      "$schema": "https://schema.management.azure.com/providers/Microsoft.Logic/schemas/2016-06-01/workflowdefinition.json#",
      "contentVersion": "1.0.0.0",
      "parameters": {
        "$connections": {
          "defaultValue": {},
          "type": "Object"
        },
        "$authentication": {
          "defaultValue": {},
          "type": "SecureObject"
        },
        "DefraIntranet_SiteURL (cr541_DefraIntranet_SiteURL)": {
          "defaultValue": "https://buckinghamdevelopment.sharepoint.com/sites/DefraIntranet",
          "type": "String",
          "metadata": {
            "schemaName": "cr541_DefraIntranet_SiteURL",
            "description": "The site URL of the Defra Intranet SharePoint site"
          }
        },
        "DefraIntranet_ListName (cr541_DefraIntranet_ListName)": {
          "defaultValue": "Internal Comms Intranet Content Submissions",
          "type": "String",
          "metadata": {
            "schemaName": "cr541_DefraIntranet_ListName",
            "description": "The content submission list title for the Defra Intranet SharePoint site"
          }
        },
        "DefraIntranet_ApproverEmailAddresses (cr541_DefraIntranet_ApproversEmailAddresses)": {
          "defaultValue": "james@buckinghamdevelopment.co.uk;",
          "type": "String",
          "metadata": {
            "schemaName": "cr541_DefraIntranet_ApproversEmailAddresses",
            "description": "The email addresses of the content submissions approvers for the Defra Intranet SharePoint site"
          }
        },
        "DefraIntranet_SPGroupSiteMemberID (cr541_DefraIntranet_SPGroupSiteMemberID)": {
          "defaultValue": "3",
          "type": "String",
          "metadata": {
            "schemaName": "cr541_DefraIntranet_SPGroupSiteMemberID",
            "description": "The ID of the site members group for the Defra Intranet SharePoint site"
          }
        },
        "DefraIntranet_SPGroupSiteOwnerID (cr541_DefraIntranet_SPGroupSiteOwnerID)": {
          "defaultValue": "5",
          "type": "String",
          "metadata": {
            "schemaName": "cr541_DefraIntranet_SPGroupSiteOwnerID",
            "description": "The ID for the site owners groups on the Defra Intranet SharePoint site "
          }
        }
      },
      "triggers": {
        "manual": {
          "splitOn": "@triggerBody()['rows']",
          "metadata": {
            "operationMetadataId": "89cd6e27-2a14-45ab-8c82-e0d10533fbf0"
          },
          "type": "Request",
          "kind": "ApiConnection",
          "inputs": {
            "schema": {
              "type": "object",
              "properties": {
                "rows": {
                  "type": "array",
                  "items": {
                    "type": "object",
                    "properties": {
                      "text": {
                        "title": "Please approve or reject this submission",
                        "type": "string",
                        "x-ms-dynamically-added": true,
                        "description": "Please select your decision",
                        "x-ms-content-hint": "TEXT",
                        "enum": [
                          "Approve",
                          "Reject"
                        ]
                      },
                      "text_1": {
                        "title": "Comments",
                        "type": "string",
                        "x-ms-dynamically-added": true,
                        "description": "Please enter any comments to send to the submitter",
                        "x-ms-content-hint": "TEXT"
                      },
                      "entity": {
                        "type": "object",
                        "properties": {
                          "ID": {
                            "title": "ID",
                            "type": "integer",
                            "format": "int64"
                          }
                        },
                        "required": [
                          "ID"
                        ]
                      }
                    },
                    "required": [
                      "text",
                      "entity"
                    ]
                  }
                }
              },
              "required": [
                "rows"
              ]
            },
            "host": {
              "connection": {
                "name": "@parameters('$connections')['shared_sharepointonline_1']['connectionId']"
              }
            },
            "operationId": "GetItemHybridTriggerSchema",
            "parameters": {
              "dataset": "@parameters('DefraIntranet_SiteURL (cr541_DefraIntranet_SiteURL)')",
              "table": "2ec9b436-a36c-498f-9861-133bf282080b"
            }
          }
        }
      },
      "actions": {
        "Did_they_approve_or_reject_the_submission": {
          "actions": {
            "Set_txtApprovalDecision_to_Approved": {
              "runAfter": {},
              "metadata": {
                "operationMetadataId": "5ff0821e-312c-4aae-b490-7daf9a312605"
              },
              "type": "SetVariable",
              "inputs": {
                "name": "txtApprovalDecision",
                "value": "Approved"
              }
            }
          },
          "runAfter": {
            "Get_submission_item": [
              "Succeeded"
            ]
          },
          "else": {
            "actions": {
              "Set_txtApprovalDecision_to_Rejected": {
                "runAfter": {},
                "metadata": {
                  "operationMetadataId": "44d7b25a-d0e7-4de1-b666-4fd0bf72979f"
                },
                "type": "SetVariable",
                "inputs": {
                  "name": "txtApprovalDecision",
                  "value": "Rejected"
                }
              }
            }
          },
          "expression": {
            "equals": [
              "@triggerBody()['text']",
              "Approve"
            ]
          },
          "metadata": {
            "operationMetadataId": "ae8f0efe-2ba8-48ef-b043-5d9b3777cdcf"
          },
          "type": "If"
        },
        "Initialize_txtApprovalDecision": {
          "runAfter": {
            "Initialize_intSPGroupSiteOwnerID": [
              "Succeeded"
            ]
          },
          "metadata": {
            "operationMetadataId": "170f2e34-5390-4a51-944f-83c9468b3d1b"
          },
          "type": "InitializeVariable",
          "inputs": {
            "variables": [
              {
                "name": "txtApprovalDecision",
                "type": "string"
              }
            ]
          }
        },
        "Update_submission_item_status": {
          "runAfter": {
            "Send_an_email_to_the_submitter": [
              "Succeeded"
            ]
          },
          "metadata": {
            "operationMetadataId": "6fe84a6c-dfb2-423a-82fa-c6cf3d3025b2"
          },
          "type": "OpenApiConnection",
          "inputs": {
            "host": {
              "connectionName": "shared_sharepointonline",
              "operationId": "HttpRequest",
              "apiId": "/providers/Microsoft.PowerApps/apis/shared_sharepointonline"
            },
            "parameters": {
              "dataset": "@variables('txtSiteURL')",
              "parameters/method": "POST",
              "parameters/uri": "/_api/web/Lists/GetByTitle('@{variables('txtListName')}')/items(@{triggerBody()?['entity']?['ID']})/validateUpdateListItem",
              "parameters/headers": {
                "content-type": "application/json;odata=verbose",
                "accept": "application/json;odata=verbose"
              },
              "parameters/body": "{\n    \"formValues\":[\n\t{\n\t    \"FieldName\": \"ContentSubmissionStatus\",\n\t    \"FieldValue\": \"@{variables('txtApprovalDecision')}\"\n\t}\n    ]\n}"
            },
            "authentication": {
              "type": "Raw",
              "value": "@json(decodeBase64(triggerOutputs().headers['X-MS-APIM-Tokens']))['$ConnectionKey']"
            }
          }
        },
        "Initialize_txtListName": {
          "runAfter": {
            "Initialize_txtApproversEmailAddresses": [
              "Succeeded"
            ]
          },
          "metadata": {
            "operationMetadataId": "d1dfdd9e-8a55-4a61-8221-5916c5b0c0ce"
          },
          "type": "InitializeVariable",
          "inputs": {
            "variables": [
              {
                "name": "txtListName",
                "type": "string",
                "value": "@parameters('DefraIntranet_ListName (cr541_DefraIntranet_ListName)')"
              }
            ]
          }
        },
        "Get_submission_item": {
          "runAfter": {
            "Initialize_txtSiteURL": [
              "Succeeded"
            ]
          },
          "metadata": {
            "operationMetadataId": "22565e8a-b1aa-45dc-ad17-39576d5de4fe"
          },
          "type": "OpenApiConnection",
          "inputs": {
            "host": {
              "connectionName": "shared_sharepointonline",
              "operationId": "GetItem",
              "apiId": "/providers/Microsoft.PowerApps/apis/shared_sharepointonline"
            },
            "parameters": {
              "dataset": "@variables('txtSiteURL')",
              "table": "@variables('txtListName')",
              "id": "@triggerBody()?['entity']?['ID']"
            },
            "authentication": {
              "type": "Raw",
              "value": "@json(decodeBase64(triggerOutputs().headers['X-MS-APIM-Tokens']))['$ConnectionKey']"
            }
          }
        },
        "Get_submitters_profile": {
          "runAfter": {
            "Did_they_approve_or_reject_the_submission": [
              "Succeeded"
            ]
          },
          "metadata": {
            "operationMetadataId": "29763c7d-d3ac-4cb7-ae32-7c00a81f74ca"
          },
          "type": "OpenApiConnection",
          "inputs": {
            "host": {
              "connectionName": "shared_office365users",
              "operationId": "UserProfile_V2",
              "apiId": "/providers/Microsoft.PowerApps/apis/shared_office365users"
            },
            "parameters": {
              "id": "@outputs('Get_submission_item')?['body/Author/Email']"
            },
            "authentication": {
              "type": "Raw",
              "value": "@json(decodeBase64(triggerOutputs().headers['X-MS-APIM-Tokens']))['$ConnectionKey']"
            }
          }
        },
        "Initialize_txtSiteURL": {
          "runAfter": {
            "Initialize_txtListName": [
              "Succeeded"
            ]
          },
          "metadata": {
            "operationMetadataId": "f08a8f4b-9e64-46e7-9741-82f6e19a8547"
          },
          "type": "InitializeVariable",
          "inputs": {
            "variables": [
              {
                "name": "txtSiteURL",
                "type": "string",
                "value": "@parameters('DefraIntranet_SiteURL (cr541_DefraIntranet_SiteURL)')"
              }
            ]
          }
        },
        "Initialize_txtApproversEmailAddresses": {
          "runAfter": {
            "Initialize_txtApprovalDecision": [
              "Succeeded"
            ]
          },
          "metadata": {
            "operationMetadataId": "aba8fcc5-e016-4d78-af9b-f607334796cc"
          },
          "type": "InitializeVariable",
          "inputs": {
            "variables": [
              {
                "name": "txtApproversEmailAddresses",
                "type": "string",
                "value": "@parameters('DefraIntranet_ApproverEmailAddresses (cr541_DefraIntranet_ApproversEmailAddresses)')"
              }
            ]
          }
        },
        "Reset_inheritance_on_the_submission": {
          "runAfter": {
            "Update_submission_item_status": [
              "Succeeded"
            ]
          },
          "metadata": {
            "operationMetadataId": "5ac21558-4d28-4911-8751-02c12de37ed3"
          },
          "type": "OpenApiConnection",
          "inputs": {
            "host": {
              "connectionName": "shared_sharepointonline",
              "operationId": "HttpRequest",
              "apiId": "/providers/Microsoft.PowerApps/apis/shared_sharepointonline"
            },
            "parameters": {
              "dataset": "@variables('txtSiteURL')",
              "parameters/method": "POST",
              "parameters/uri": "/_api/web/Lists/GetByTitle('@{variables('txtListName')}')/items(@{outputs('Get_submission_item')?['body/ID']})/ResetRoleInheritance",
              "parameters/headers": {
                "content-type": "application/json;odata=verbose",
                "accept": "application/json;odata=verbose"
              }
            },
            "authentication": {
              "type": "Raw",
              "value": "@json(decodeBase64(triggerOutputs().headers['X-MS-APIM-Tokens']))['$ConnectionKey']"
            }
          }
        },
        "Break_inheritance_on_the_submission_and_remove_all_the_permissions": {
          "runAfter": {
            "Reset_inheritance_on_the_submission": [
              "Succeeded"
            ]
          },
          "metadata": {
            "operationMetadataId": "c2962875-eac5-4d9b-a8ae-37fdf1e19835"
          },
          "type": "OpenApiConnection",
          "inputs": {
            "host": {
              "connectionName": "shared_sharepointonline",
              "operationId": "HttpRequest",
              "apiId": "/providers/Microsoft.PowerApps/apis/shared_sharepointonline"
            },
            "parameters": {
              "dataset": "@variables('txtSiteURL')",
              "parameters/method": "POST",
              "parameters/uri": "/_api/web/Lists/GetByTitle('@{variables('txtListName')}')/items(@{outputs('Get_submission_item')?['body/ID']})/BreakRoleInheritance(copyRoleAssignments=false,clearSubscopes=true)",
              "parameters/headers": {
                "content-type": "application/json;odata=verbose",
                "accept": "application/json;odata=verbose"
              }
            },
            "authentication": {
              "type": "Raw",
              "value": "@json(decodeBase64(triggerOutputs().headers['X-MS-APIM-Tokens']))['$ConnectionKey']"
            }
          }
        },
        "Give_back_the_SharePoint_site_owners_group_full_control_": {
          "runAfter": {
            "Break_inheritance_on_the_submission_and_remove_all_the_permissions": [
              "Succeeded"
            ]
          },
          "metadata": {
            "operationMetadataId": "a329e0e1-069b-49e5-a9f0-3579b822f871"
          },
          "type": "OpenApiConnection",
          "inputs": {
            "host": {
              "connectionName": "shared_sharepointonline",
              "operationId": "HttpRequest",
              "apiId": "/providers/Microsoft.PowerApps/apis/shared_sharepointonline"
            },
            "parameters": {
              "dataset": "@variables('txtSiteURL')",
              "parameters/method": "POST",
              "parameters/uri": "/_api/web/Lists/GetByTitle('@{variables('txtListName')}')/items(@{outputs('Get_submission_item')?['body/ID']})/roleAssignments/AddRoleAssignment(PrincipalId=@{variables('intSPGroupSiteOwnerID')}, roleDefId=1073741829)",
              "parameters/headers": {
                "content-type": "application/json;odata=verbose",
                "accept": "application/json;odata=verbose"
              }
            },
            "authentication": {
              "type": "Raw",
              "value": "@json(decodeBase64(triggerOutputs().headers['X-MS-APIM-Tokens']))['$ConnectionKey']"
            }
          }
        },
        "Grant_the_submitter_rights_to_read_this_submission": {
          "runAfter": {
            "Give_the_SharePoint_site_members_group_read_permissions": [
              "Succeeded"
            ]
          },
          "metadata": {
            "operationMetadataId": "8bd7bbea-bdc6-47f7-8af3-37a55f751ffd"
          },
          "type": "OpenApiConnection",
          "inputs": {
            "host": {
              "connectionName": "shared_sharepointonline",
              "operationId": "GrantAccess",
              "apiId": "/providers/Microsoft.PowerApps/apis/shared_sharepointonline"
            },
            "parameters": {
              "dataset": "@variables('txtSiteURL')",
              "table": "@variables('txtListName')",
              "id": "@outputs('Get_submission_item')?['body/ID']",
              "parameter/recipients": "@outputs('Get_submission_item')?['body/Author/Email']",
              "parameter/roleValue": "role:1073741826",
              "parameter/sendEmail": false
            },
            "authentication": {
              "type": "Raw",
              "value": "@json(decodeBase64(triggerOutputs().headers['X-MS-APIM-Tokens']))['$ConnectionKey']"
            }
          }
        },
        "Give_the_SharePoint_site_members_group_read_permissions": {
          "runAfter": {
            "Give_back_the_SharePoint_site_owners_group_full_control_": [
              "Succeeded"
            ]
          },
          "metadata": {
            "operationMetadataId": "fed44818-d27c-4eb1-8c8f-7cf03f315b40"
          },
          "type": "OpenApiConnection",
          "inputs": {
            "host": {
              "connectionName": "shared_sharepointonline",
              "operationId": "HttpRequest",
              "apiId": "/providers/Microsoft.PowerApps/apis/shared_sharepointonline"
            },
            "parameters": {
              "dataset": "@variables('txtSiteURL')",
              "parameters/method": "POST",
              "parameters/uri": "/_api/web/Lists/GetByTitle('@{variables('txtListName')}')/items(@{outputs('Get_submission_item')?['body/ID']})/roleAssignments/AddRoleAssignment(PrincipalId=@{variables('intSPGroupSiteMembersID')}, roleDefId=1073741826)",
              "parameters/headers": {
                "content-type": "application/json;odata=verbose",
                "accept": "application/json;odata=verbose"
              }
            },
            "authentication": {
              "type": "Raw",
              "value": "@json(decodeBase64(triggerOutputs().headers['X-MS-APIM-Tokens']))['$ConnectionKey']"
            }
          }
        },
        "Initialize_intSPGroupSiteMembersID": {
          "runAfter": {},
          "metadata": {
            "operationMetadataId": "12c4d9df-ff41-4972-a16b-479a18b5da42"
          },
          "type": "InitializeVariable",
          "inputs": {
            "variables": [
              {
                "name": "intSPGroupSiteMembersID",
                "type": "integer",
                "value": "@int(parameters('DefraIntranet_SPGroupSiteMemberID (cr541_DefraIntranet_SPGroupSiteMemberID)'))"
              }
            ]
          }
        },
        "Initialize_intSPGroupSiteOwnerID": {
          "runAfter": {
            "Initialize_intSPGroupSiteMembersID": [
              "Succeeded"
            ]
          },
          "metadata": {
            "operationMetadataId": "68839310-5279-40e9-bff0-aed3ad2a534d"
          },
          "type": "InitializeVariable",
          "inputs": {
            "variables": [
              {
                "name": "intSPGroupSiteOwnerID",
                "type": "integer",
                "value": "@int(parameters('DefraIntranet_SPGroupSiteOwnerID (cr541_DefraIntranet_SPGroupSiteOwnerID)'))"
              }
            ]
          }
        },
        "Send_an_email_to_the_submitter": {
          "runAfter": {
            "Get_submitters_profile": [
              "Succeeded"
            ]
          },
          "metadata": {
            "operationMetadataId": "a6f25aad-989d-400e-b8ad-7e8de5031e8d"
          },
          "type": "OpenApiConnection",
          "inputs": {
            "host": {
              "connectionName": "shared_office365",
              "operationId": "SendEmailV2",
              "apiId": "/providers/Microsoft.PowerApps/apis/shared_office365"
            },
            "parameters": {
              "emailMessage/To": "@outputs('Get_submission_item')?['body/Author/Email']",
              "emailMessage/Subject": "Intranet Content Submission Request - @{variables('txtApprovalDecision')}",
              "emailMessage/Body": "<style>\n    .summaryTitle {\n        color: #0077ff;\n        font-weight: 600;\n        font-size: 1.5em;\n   }\n\n    .summaryDivider {\n        border-top: 1px solid #0077ff;\n    }\n\n    .summaryTxt {\n        font-family: \"Segoe UI\", Arial, sans-serif;\n    }\n\n    .summaryTable tr,th,td {\n        font-family: \"Segoe UI\", Arial, sans-serif;text-align: left\n    }\n\n    .summaryTable th {\n        padding-right: 10px\n    }\n</style>\n\n<h1 class=\"summaryTitle\">Your Intranet Content Submission Request has been @{toLower(variables('txtApprovalDecision'))}</h1>\n<hr class=\"summaryDivider\"/>\n\n<p class=\"summaryTxt \">Hi  @{outputs('Get_submitters_profile')?['body/givenName']}.</p>\n<p>Here is a summary of your submission.</p>\n\n<table class=\"summaryTable\">\n    <tr>\n        <th>Title:</th>\n        <td>@{outputs('Get_submission_item')?['body/Title']}</td>\n    </tr>\n    <tr>\n        <th>Date/Time of Submission:</th>\n        <td>@{formatDateTime(outputs('Get_submission_item')?['body/Created'], 'dd/MM/yyyy @ HH:mm')}</td>\n    </tr>\n     <tr>\n         <th>Approval Decision:</th>\n         <td><span style=\"font-weight:bold\">@{variables('txtApprovalDecision')}</span></td>\n     </tr>\n    <tr>\n         <th colspan=\"2\">Approver Team Feedback:</th>\n    </tr>\n</table>\n@{triggerBody()?['text_1']}\n<div style=\"margin:15px 0px\"><hr class=\"summaryDivider\"/></div>\n<p class=\"summaryTxt\"><a href=\"@{variables('txtSiteURL')}/@{outputs('Get_submission_item')?['body/{Path}']}/DispForm.aspx?ID=@{triggerBody()?['entity']?['ID']}\">Review the full submission details</a></p>",
              "emailMessage/ReplyTo": "@variables('txtApproversEmailAddresses')",
              "emailMessage/Importance": "Normal"
            },
            "authentication": {
              "type": "Raw",
              "value": "@json(decodeBase64(triggerOutputs().headers['X-MS-APIM-Tokens']))['$ConnectionKey']"
            }
          }
        }
      }
    },
    "templateName": ""
  },
  "schemaVersion": "1.0.0.0"
}