<environmentvariabledefinition schemaname="cr541_DefraIntranet_SiteURL">
  <description default="The site URL of the Defra Intranet SharePoint site">
    <label description="The site URL of the Defra Intranet SharePoint site" languagecode="1033" />
  </description>
  <displayname default="DefraIntranet_SiteURL">
    <label description="DefraIntranet_SiteURL" languagecode="1033" />
  </displayname>
  <introducedversion>1.1.0.4</introducedversion>
  <iscustomizable>1</iscustomizable>
  <isrequired>0</isrequired>
  <secretstore>0</secretstore>
  <type>100000000</type>
</environmentvariabledefinition>