<environmentvariabledefinition schemaname="cr541_DefraIntranet_SPGroupSiteOwnerID">
  <description default="The ID for the site owners groups on the Defra Intranet SharePoint site ">
    <label description="The ID for the site owners groups on the Defra Intranet SharePoint site " languagecode="1033" />
  </description>
  <displayname default="DefraIntranet_SPGroupSiteOwnerID">
    <label description="DefraIntranet_SPGroupSiteOwnerID" languagecode="1033" />
  </displayname>
  <introducedversion>1.1.0.4</introducedversion>
  <iscustomizable>1</iscustomizable>
  <isrequired>0</isrequired>
  <secretstore>0</secretstore>
  <type>100000000</type>
</environmentvariabledefinition>