<environmentvariabledefinition schemaname="cr541_Intranet_Content_Approvals_Configuration">
  <defaultvalue>{"Sites":[{"Abbreviation":"Core Defra","EmailAddresses":{"ALBNewsApprovers":"DefraApprovers@buckinghamdevelopment.co.uk","ContentTeam":"james@buckinghamdevelopment.co.uk","InternalCommsTeam":"DefraApprovers@buckinghamdevelopment.co.uk"},"SPPermissions":{"GroupApproverID":"3","GroupSiteOwnerID":"5"}},{"Abbreviation":"APHA","EmailAddresses":{"ALBNewsApprovers":"APHAApprovers@buckinghamdevelopment.co.uk","ContentTeam":"james@buckinghamdevelopment.co.uk","InternalCommsTeam":"APHAApprovers@buckinghamdevelopment.co.uk"},"SPPermissions":{"GroupApproverID":"3","GroupSiteOwnerID":"5"}},{"Abbreviation":"EA","EmailAddresses":{"ALBNewsApprovers":"EAApprovers@buckinghamdevelopment.co.uk","ContentTeam":"james@buckinghamdevelopment.co.uk","InternalCommsTeam":"EAApprovers@buckinghamdevelopment.co.uk"},"SPPermissions":{"GroupApproverID":"3","GroupSiteOwnerID":"5"}},{"Abbreviation":"MMO","EmailAddresses":{"ALBNewsApprovers":"MMOApprovers@buckinghamdevelopment.co.uk","ContentTeam":"james@buckinghamdevelopment.co.uk","InternalCommsTeam":"MMOApprovers@buckinghamdevelopment.co.uk"},"SPPermissions":{"GroupApproverID":"3","GroupSiteOwnerID":"5"}},{"Abbreviation":"NE","EmailAddresses":{"ALBNewsApprovers":"NEApprovers@buckinghamdevelopment.co.uk","ContentTeam":"james@buckinghamdevelopment.co.uk","InternalCommsTeam":"NEApprovers@buckinghamdevelopment.co.uk"},"SPPermissions":{"GroupApproverID":"3","GroupSiteOwnerID":"5"}},{"Abbreviation":"RPA","EmailAddresses":{"ALBNewsApprovers":"RPAApprovers@buckinghamdevelopment.co.uk","ContentTeam":"james@buckinghamdevelopment.co.uk","InternalCommsTeam":"RPAApprovers@buckinghamdevelopment.co.uk"},"SPPermissions":{"GroupApproverID":"3","GroupSiteOwnerID":"5"}}]}</defaultvalue>
  <displayname default="Intranet_Content_Approvals_Configuration">
    <label description="Intranet_Content_Approvals_Configuration" languagecode="1033" />
  </displayname>
  <introducedversion>1.1.0.15</introducedversion>
  <iscustomizable>1</iscustomizable>
  <isrequired>0</isrequired>
  <secretstore>0</secretstore>
  <type>100000003</type>
</environmentvariabledefinition>