{
  "properties": {
    "connectionReferences": {
      "shared_office365": {
        "runtimeSource": "embedded",
        "connection": {
          "connectionReferenceLogicalName": "new_sharedoffice365_fce09"
        },
        "api": {
          "name": "shared_office365"
        }
      },
      "shared_sharepointonline": {
        "runtimeSource": "embedded",
        "connection": {
          "connectionReferenceLogicalName": "cr541_sharedsharepointonline_55552"
        },
        "api": {
          "name": "shared_sharepointonline"
        }
      },
      "shared_office365users": {
        "runtimeSource": "embedded",
        "connection": {
          "connectionReferenceLogicalName": "new_sharedoffice365users_c6708"
        },
        "api": {
          "name": "shared_office365users"
        }
      }
    },
    "definition": {
      "$schema": "https://schema.management.azure.com/providers/Microsoft.Logic/schemas/2016-06-01/workflowdefinition.json#",
      "contentVersion": "1.0.0.0",
      "parameters": {
        "$connections": {
          "defaultValue": {},
          "type": "Object"
        },
        "$authentication": {
          "defaultValue": {},
          "type": "SecureObject"
        }
      },
      "triggers": {
        "manual": {
          "metadata": {
            "operationMetadataId": "bc547874-d75c-426c-b77e-832f18a9f62e"
          },
          "type": "Request",
          "kind": "Button",
          "inputs": {
            "schema": {
              "type": "object",
              "properties": {
                "text": {
                  "title": "Configuration",
                  "type": "string",
                  "x-ms-dynamically-added": true,
                  "description": "Please enter your input",
                  "x-ms-content-hint": "TEXT"
                },
                "number": {
                  "title": "ItemID",
                  "type": "number",
                  "x-ms-dynamically-added": true,
                  "description": "Please enter a number",
                  "x-ms-content-hint": "NUMBER"
                },
                "text_1": {
                  "title": "List Guid",
                  "type": "string",
                  "x-ms-dynamically-added": true,
                  "description": "Please enter your input",
                  "x-ms-content-hint": "TEXT"
                },
                "text_2": {
                  "title": "Site Address",
                  "type": "string",
                  "x-ms-dynamically-added": true,
                  "description": "Please enter your input",
                  "x-ms-content-hint": "TEXT"
                }
              },
              "required": [
                "text",
                "number",
                "text_1",
                "text_2"
              ]
            }
          }
        }
      },
      "actions": {
        "Initialize_txtSiteURL": {
          "runAfter": {
            "Initialize_txtListGuid": [
              "Succeeded"
            ]
          },
          "metadata": {
            "operationMetadataId": "f08a8f4b-9e64-46e7-9741-82f6e19a8547"
          },
          "type": "InitializeVariable",
          "inputs": {
            "variables": [
              {
                "name": "txtSiteURL",
                "type": "string",
                "value": "@triggerBody()['text_2']"
              }
            ]
          }
        },
        "Populate_txtContentRelatedTo_with_a_string_list_of_the_selected_terms": {
          "foreach": "@null",
          "actions": {
            "Get_label_from_term": {
              "runAfter": {},
              "metadata": {
                "operationMetadataId": "e3150e6a-df92-4eec-b602-d4271fee3e41"
              },
              "type": "Compose",
              "inputs": "@items('Populate_txtContentRelatedTo_with_a_string_list_of_the_selected_terms')?['Label']"
            },
            "Append_to_txtContentRelatedTo_String": {
              "runAfter": {
                "Get_label_from_term": [
                  "Succeeded"
                ]
              },
              "metadata": {
                "operationMetadataId": "277ad325-6161-4bde-9fa4-d9254a8ed03e"
              },
              "type": "AppendToStringVariable",
              "inputs": {
                "name": "txtContentRelatedTo",
                "value": "@concat(outputs('Get_Label_from_Term'),', ')"
              }
            }
          },
          "runAfter": {
            "Terminate": [
              "Succeeded"
            ]
          },
          "metadata": {
            "operationMetadataId": "1e02caaa-e517-4f00-b05f-56356c3845f3"
          },
          "type": "Foreach"
        },
        "Remove_the_last_comma_from_the_txtContentRelatedTo_string": {
          "runAfter": {
            "Populate_txtContentRelatedTo_with_a_string_list_of_the_selected_terms": [
              "Succeeded"
            ]
          },
          "metadata": {
            "operationMetadataId": "5b211860-fe9b-41e3-b28c-58523086fff3"
          },
          "type": "Compose",
          "inputs": "@substring(variables('txtContentRelatedTo'), 0, sub(length(variables('txtContentRelatedTo')), 2))"
        },
        "Initialize_txtContentRelatedTo": {
          "runAfter": {
            "Initialize_intSPGroupSiteOwnerID": [
              "Succeeded"
            ]
          },
          "metadata": {
            "operationMetadataId": "9983784c-a144-4b82-8c44-ba00ac5edf31"
          },
          "type": "InitializeVariable",
          "inputs": {
            "variables": [
              {
                "name": "txtContentRelatedTo",
                "type": "string"
              }
            ]
          }
        },
        "Initialize_intSPGroupSiteOwnerID": {
          "runAfter": {
            "Initialize_intSPGroupApproversID": [
              "Succeeded"
            ]
          },
          "metadata": {
            "operationMetadataId": "68839310-5279-40e9-bff0-aed3ad2a534d"
          },
          "type": "InitializeVariable",
          "inputs": {
            "variables": [
              {
                "name": "intSPGroupSiteOwnerID",
                "type": "integer"
              }
            ]
          }
        },
        "Initialize_intSPGroupApproversID": {
          "runAfter": {
            "Initialize_intItemID": [
              "Succeeded"
            ]
          },
          "metadata": {
            "operationMetadataId": "12c4d9df-ff41-4972-a16b-479a18b5da42"
          },
          "type": "InitializeVariable",
          "inputs": {
            "variables": [
              {
                "name": "intSPGroupSiteApproversID",
                "type": "integer"
              }
            ]
          }
        },
        "Initialize_txtListGuid": {
          "runAfter": {
            "Initialize_txtInternalListName": [
              "Succeeded"
            ]
          },
          "metadata": {
            "operationMetadataId": "c518f74c-dcc9-4fbd-865e-29de4be5bcd8"
          },
          "type": "InitializeVariable",
          "inputs": {
            "variables": [
              {
                "name": "txtListGuid",
                "type": "string",
                "value": "@triggerBody()['text_1']"
              }
            ]
          }
        },
        "Is_this_a_content_or_event_submission": {
          "actions": {
            "Content_-_Set_txtEmailApproverBody": {
              "runAfter": {
                "Content_-_Set_txtContentTypeID_to_Content_Submission_Stage_2_CT": [
                  "Succeeded"
                ]
              },
              "metadata": {
                "operationMetadataId": "490b1412-4118-49d5-a4c6-3d163107b84b"
              },
              "type": "SetVariable",
              "inputs": {
                "name": "txtEmailApproverBody",
                "value": "<h1 class=\"summaryTitle\">New Intranet Content Request - Summary</h1>\n<hr class=\"summaryDivider\"/>\n<p class=\"summaryTxt \">The following intranet content request has been submitted by '<a href=\"mailto:?subject=Enquiry Related to Your Intranet Content Submission ''\"></a>'. </p>\n<table class=\"summaryTable\">\n    <tr>\n        <th>Submitter:</th>\n        <td></td>\n    </tr>\n    <tr>\n        <th>Date/Time of Submission:</th>\n        <td></td>\n    </tr>\n    <tr>\n        <th>Title:</th>\n        <td></td>\n    </tr>\n     <tr>\n         <th>Content Relevant To:</th>\n         <td>@{outputs('Remove_the_last_comma_from_the_txtContentRelatedTo_string')}</td>\n     </tr>\n     <tr>\n         <th>Content Type:</th>\n         <td></td>\n    </tr>\n    <tr>\n        <th>Preferred Timing:</th>\n        <td></td>\n    </tr>\n    <tr>\n         <th colspan=\"2\">Text:</th>\n    </tr>\n</table>\n@{outputs('Apply_HTML_formatting_to_the_new_line_formatting_in_the_submitted_text')}"
              }
            },
            "Content_-_Set_txtEmailSubmitterBody": {
              "runAfter": {
                "Content_-_Set_txtEmailSubjectLine": [
                  "Succeeded"
                ]
              },
              "metadata": {
                "operationMetadataId": "54357c13-8475-43d8-a4ab-6b76cb1361cb"
              },
              "type": "SetVariable",
              "inputs": {
                "name": "txtEmailSubmitterBody",
                "value": "<h1 class=\"summaryTitle\">New Intranet Content Request - Summary</h1>\n<hr class=\"summaryDivider\"/>\n<p class=\"summaryTxt \">Hi @{outputs('Get_submitters_profile')?['body/givenName']}</p>\n<p>Here is a summary of your content submission.</p>\n<table class=\"summaryTable\">\n    <tr>\n        <th>Date/Time of Submission:</th>\n        <td></td>\n    </tr>\n    <tr>\n        <th>Title:</th>\n        <td></td>\n    </tr>\n     <tr>\n         <th>Content Relevant To:</th>\n         <td>@{outputs('Remove_the_last_comma_from_the_txtContentRelatedTo_string')}</td>\n     </tr>\n     <tr>\n         <th>Content Type:</th>\n         <td></td>\n    </tr>\n    <tr>\n        <th>Preferred Timing:</th>\n        <td></td>\n    </tr>\n    <tr>\n         <th colspan=\"2\">Text:</th>\n    </tr>\n</table>\n@{outputs('Apply_HTML_formatting_to_the_new_line_formatting_in_the_submitted_text')}"
              }
            },
            "Content_-_Set_txtContentTypeID_to_Content_Submission_Stage_2_CT": {
              "runAfter": {
                "Apply_HTML_formatting_to_the_new_line_formatting_in_the_submitted_text": [
                  "Succeeded"
                ]
              },
              "metadata": {
                "operationMetadataId": "83d9fc80-00c8-487d-82a7-808cf6680c17"
              },
              "type": "SetVariable",
              "inputs": {
                "name": "txtContentTypeID",
                "value": "0x010047807CA071395E44BF168B9CF766B7F5000D19824971C46D4B860473951B33ED12"
              }
            },
            "Apply_HTML_formatting_to_the_new_line_formatting_in_the_submitted_text": {
              "runAfter": {},
              "metadata": {
                "operationMetadataId": "6ffa76b3-fe5d-4cdb-ab48-8e43ffd6388f"
              },
              "type": "Compose",
              "inputs": "@uriComponentToString(replace(uriComponent(triggerOutputs()?['body/ContentSubmissionDescription']), '%0A', '<br/>'))"
            },
            "Switch_the_approver_email_address_if_specific_content_types_are_selected": {
              "runAfter": {
                "Content_-_Set_txtEmailSubmitterBody": [
                  "Succeeded"
                ]
              },
              "cases": {
                "Content_-_Alert": {
                  "case": "Alert",
                  "actions": {
                    "Content_-_Alert_-_Approvers_email_address_set_to_internal_comms_team": {
                      "runAfter": {},
                      "metadata": {
                        "operationMetadataId": "3a70d5c7-c533-41a4-9784-7c3ee35665d1"
                      },
                      "type": "SetVariable",
                      "inputs": {
                        "name": "txtEmailApproverAddresses",
                        "value": "@variables('txtEmailInternalCommsTeamAddresses')"
                      }
                    }
                  }
                },
                "Content_-_News_Story": {
                  "case": "News Story",
                  "actions": {
                    "Content_-_News_Story_-_Approvers_email_address_set_to_internal_comms_team": {
                      "runAfter": {},
                      "metadata": {
                        "operationMetadataId": "9c531b71-078a-4358-a7de-e1e01d976f0d"
                      },
                      "type": "SetVariable",
                      "inputs": {
                        "name": "txtEmailApproverAddresses",
                        "value": "@variables('txtEmailInternalCommsTeamAddresses')"
                      }
                    }
                  }
                }
              },
              "default": {
                "actions": {}
              },
              "expression": "@null",
              "metadata": {
                "operationMetadataId": "190b4644-b83a-4b03-a979-2229183a20c0"
              },
              "type": "Switch"
            },
            "Content_-_Set_txtEmailSubjectLine": {
              "runAfter": {
                "Content_-_Set_txtEmailApproverBody": [
                  "Succeeded"
                ]
              },
              "metadata": {
                "operationMetadataId": "b0642026-e78a-43e9-a782-575660e5e7f3"
              },
              "type": "SetVariable",
              "inputs": {
                "name": "txtEmailSubjectLine",
                "value": "New Intranet Content Request - "
              }
            }
          },
          "runAfter": {
            "Get_submitters_profile": [
              "Succeeded"
            ]
          },
          "else": {
            "actions": {
              "Event_-_Set_txtEmailApproverBody": {
                "runAfter": {
                  "Event_-_Set_txtContentTypeID_to_Event_Submission_Stage_2_CT": [
                    "Succeeded"
                  ]
                },
                "metadata": {
                  "operationMetadataId": "6f5955e2-40f3-4721-9c13-10de27c23a95"
                },
                "type": "SetVariable",
                "inputs": {
                  "name": "txtEmailApproverBody",
                  "value": "<h1 class=\"summaryTitle\">New Intranet Event Request  - Summary</h1>\n<hr class=\"summaryDivider\"/>\n<p class=\"summaryTxt \">The following intranet event request has been submitted by '<a href=\"mailto:?subject=Enquiry Related to Your Intranet Event Submission ''\"></a>'. </p>\n<table class=\"summaryTable\">\n    <tr>\n        <th>Date/Time of Submission:</th>\n        <td></td>\n    </tr>\n    <tr>\n        <th>Title:</th>\n        <td></td>\n    </tr>\n     <tr>\n         <th>Event Date/Time:</th>\n         <td></td>\n     </tr>\n     <tr>\n         <th>Content Relevant To:</th>\n         <td>@{outputs('Remove_the_last_comma_from_the_txtContentRelatedTo_string')}</td>\n     </tr>\n     <tr>\n         <td colspan=\"2\">&nbsp;</td>\n     </tr>\n     <tr>\n         <th colspan=\"2\">Venue and Joining Details:</th>\n     </tr>\n     <tr>\n         <td colspan=\"2\">@{outputs('Apply_HTML_formatting_to_EventVenueAndJoiningDetails')}</td>\n     </tr>\n     <tr>\n         <td colspan=\"2\">&nbsp;</td>\n     </tr>\n     <tr>\n         <th colspan=\"2\">Details about the event:</th>\n     </tr>\n     <tr>\n         <td colspan=\"2\">@{outputs('Apply_HTML_formatting_to_EventDetails')}</td>\n     </tr>\n     <tr>\n         <td colspan=\"2\">&nbsp;</td>\n     </tr>\n     <tr>\n         <th>Booking:</th>\n     </tr>\n     <tr>\n         <td colspan=\"2\">@{outputs('Apply_HTML_formatting_to_EventBooking')}</td>\n     </tr>\n     <tr>\n         <td colspan=\"2\">&nbsp;</td>\n     </tr>\n     <tr>\n         <th colspan=\"2\">Further information for the reader:</th>\n     </tr>\n     <tr>\n         <td colspan=\"2\">@{outputs('Apply_HTML_formatting_to_EventFurtherInformation')}</td>\n     </tr>\n</table>"
                }
              },
              "Event_-_Set_txtEmailSubmitterBody": {
                "runAfter": {
                  "Event_-_Set_txtEmailSubjectLine": [
                    "Succeeded"
                  ]
                },
                "metadata": {
                  "operationMetadataId": "304840ee-d44b-41df-ab53-4c0b1e952aa7"
                },
                "type": "SetVariable",
                "inputs": {
                  "name": "txtEmailSubmitterBody",
                  "value": "<h1 class=\"summaryTitle\">New Intranet Event Request - Summary</h1>\n<hr class=\"summaryDivider\"/>\n<p class=\"summaryTxt \">Hi @{outputs('Get_submitters_profile')?['body/givenName']}</p>\n<p>Here is a summary of your intranet event submission.</p>\n<table class=\"summaryTable\">\n    <tr>\n        <th>Date/Time of Submission:</th>\n        <td></td>\n    </tr>\n    <tr>\n        <th>Title:</th>\n        <td></td>\n    </tr>\n     <tr>\n         <th>Event Date/Time:</th>\n         <td></td>\n     </tr>\n     <tr>\n         <th>Content Relevant To:</th>\n         <td>@{outputs('Remove_the_last_comma_from_the_txtContentRelatedTo_string')}</td>\n     </tr>\n     <tr>\n         <td colspan=\"2\">&nbsp;</td>\n     </tr>\n     <tr>\n         <th colspan=\"2\">Venue and Joining Details:</th>\n     </tr>\n     <tr>\n         <td colspan=\"2\">@{outputs('Apply_HTML_formatting_to_EventVenueAndJoiningDetails')}</td>\n     </tr>\n     <tr>\n         <td colspan=\"2\">&nbsp;</td>\n     </tr>\n     <tr>\n         <th colspan=\"2\">Details about the event:</th>\n     </tr>\n     <tr>\n         <td colspan=\"2\">@{outputs('Apply_HTML_formatting_to_EventDetails')}</td>\n     </tr>\n     <tr>\n         <td colspan=\"2\">&nbsp;</td>\n     </tr>\n     <tr>\n         <th>Booking:</th>\n     </tr>\n     <tr>\n         <td colspan=\"2\">@{outputs('Apply_HTML_formatting_to_EventBooking')}</td>\n     </tr>\n     <tr>\n         <td colspan=\"2\">&nbsp;</td>\n     </tr>\n     <tr>\n         <th colspan=\"2\">Further information for the reader:</th>\n     </tr>\n     <tr>\n         <td colspan=\"2\">@{outputs('Apply_HTML_formatting_to_EventFurtherInformation')}</td>\n     </tr>\n</table>"
                }
              },
              "Apply_HTML_formatting_to_EventVenueAndJoiningDetails": {
                "runAfter": {},
                "metadata": {
                  "operationMetadataId": "20cc1a84-c28d-4596-817b-b251f207a6e3"
                },
                "type": "Compose",
                "inputs": "@uriComponentToString(replace(uriComponent(triggerOutputs()?['body/EventVenueAndJoiningDetails']), '%0A', '<br/>'))"
              },
              "Event_-_Set_txtContentTypeID_to_Event_Submission_Stage_2_CT": {
                "runAfter": {
                  "Event_-_Approvers_email_address_set_to_internal_comms_team": [
                    "Succeeded"
                  ]
                },
                "metadata": {
                  "operationMetadataId": "f4c87a42-3873-4ed1-9e73-ba34e29e7630"
                },
                "type": "SetVariable",
                "inputs": {
                  "name": "txtContentTypeID",
                  "value": "0x0100EFC8242424D12D4AB41F506DEE7D643300104A90531A83E047BF79888E96C102D0"
                }
              },
              "Apply_HTML_formatting_to_EventDetails": {
                "runAfter": {
                  "Apply_HTML_formatting_to_EventVenueAndJoiningDetails": [
                    "Succeeded"
                  ]
                },
                "metadata": {
                  "operationMetadataId": "ea306421-ed2c-4b00-ba38-f6a5ea008e8c"
                },
                "type": "Compose",
                "inputs": "@uriComponentToString(replace(uriComponent(triggerOutputs()?['body/EventDetails']), '%0A', '<br/>'))"
              },
              "Apply_HTML_formatting_to_EventBooking": {
                "runAfter": {
                  "Apply_HTML_formatting_to_EventDetails": [
                    "Succeeded"
                  ]
                },
                "metadata": {
                  "operationMetadataId": "2d7b31fd-64b9-4f3e-99e5-59f1602b73a3"
                },
                "type": "Compose",
                "inputs": "@uriComponentToString(replace(uriComponent(triggerOutputs()?['body/EventBooking']), '%0A', '<br/>'))"
              },
              "Apply_HTML_formatting_to_EventFurtherInformation": {
                "runAfter": {
                  "Apply_HTML_formatting_to_EventBooking": [
                    "Succeeded"
                  ]
                },
                "metadata": {
                  "operationMetadataId": "4ea191ed-1b40-4f3f-90e6-5189e6835221"
                },
                "type": "Compose",
                "inputs": "@uriComponentToString(replace(uriComponent(triggerOutputs()?['body/EventFurtherInformation']), '%0A', '<br/>'))"
              },
              "Event_-_Approvers_email_address_set_to_internal_comms_team": {
                "runAfter": {
                  "Apply_HTML_formatting_to_EventFurtherInformation": [
                    "Succeeded"
                  ]
                },
                "metadata": {
                  "operationMetadataId": "670da24d-60a4-4a16-99cf-5b086fd0afb4"
                },
                "type": "SetVariable",
                "inputs": {
                  "name": "txtEmailApproverAddresses",
                  "value": "@variables('txtEmailInternalCommsTeamAddresses')"
                }
              },
              "Event_-_Set_txtEmailSubjectLine": {
                "runAfter": {
                  "Event_-_Set_txtEmailApproverBody": [
                    "Succeeded"
                  ]
                },
                "metadata": {
                  "operationMetadataId": "12a5e651-bcf5-402e-aa6a-b0be64a6aee1"
                },
                "type": "SetVariable",
                "inputs": {
                  "name": "txtEmailSubjectLine",
                  "value": "New Intranet Event Request - "
                }
              }
            }
          },
          "expression": {
            "startsWith": [
              "",
              "Content Submission Request"
            ]
          },
          "metadata": {
            "operationMetadataId": "3958a0c1-7534-4455-b488-f61c7f728238"
          },
          "type": "If"
        },
        "Send_a_notification_email_to_the_approvers": {
          "runAfter": {
            "Grant_the_submitter_rights_to_edit_this_submission": [
              "Succeeded"
            ]
          },
          "metadata": {
            "operationMetadataId": "c172166c-0f3a-4c92-a672-ccd89242a26f"
          },
          "type": "OpenApiConnection",
          "inputs": {
            "host": {
              "connectionName": "shared_office365",
              "operationId": "SendEmailV2",
              "apiId": "/providers/Microsoft.PowerApps/apis/shared_office365"
            },
            "parameters": {
              "emailMessage/To": "@variables('txtEmailApproverAddresses')",
              "emailMessage/Subject": "@variables('txtEmailSubjectLine')",
              "emailMessage/Body": "<style>\n    .summaryTitle {\n        color: #0077ff;\n        font-weight: 600;\n        font-size: 1.5em;\n   }\n\n    .summaryDivider {\n        border-top: 1px solid #0077ff;\n    }\n\n    .summaryTxt {\n        font-family: \"Segoe UI\", Arial, sans-serif;\n    }\n\n    .summaryTable tr,th,td {\n        font-family: \"Segoe UI\", Arial, sans-serif;text-align: left\n    }\n\n    .summaryTable th {\n        padding-right: 10px\n    }\n</style>\n@{variables('txtEmailApproverBody')}\n<div style=\"margin:15px 0px\"><hr class=\"summaryDivider\"/></div>\n<p class=\"summaryTxt\"><a href=\"@{variables('txtSiteURL')}/EditForm.aspx?ID=\">Review / Edit the full submission details</a></p>",
              "emailMessage/Importance": "Normal"
            },
            "authentication": {
              "type": "Raw",
              "value": "@json(decodeBase64(triggerOutputs().headers['X-MS-APIM-Tokens']))['$ConnectionKey']"
            }
          }
        },
        "Send_a_confirmation_email_to_the_submitter": {
          "runAfter": {
            "Grant_the_submitter_rights_to_edit_this_submission": [
              "Succeeded"
            ]
          },
          "metadata": {
            "operationMetadataId": "a6f25aad-989d-400e-b8ad-7e8de5031e8d"
          },
          "type": "OpenApiConnection",
          "inputs": {
            "host": {
              "connectionName": "shared_office365",
              "operationId": "SendEmailV2",
              "apiId": "/providers/Microsoft.PowerApps/apis/shared_office365"
            },
            "parameters": {
              "emailMessage/To": "@null",
              "emailMessage/Subject": "@variables('txtEmailSubjectLine')",
              "emailMessage/Body": "<style>\n    .summaryTitle {\n        color: #0077ff;\n        font-weight: 600;\n        font-size: 1.5em;\n   }\n\n    .summaryDivider {\n        border-top: 1px solid #0077ff;\n    }\n\n    .summaryTxt {\n        font-family: \"Segoe UI\", Arial, sans-serif;\n    }\n\n    .summaryTable tr,th,td {\n        font-family: \"Segoe UI\", Arial, sans-serif;text-align: left\n    }\n\n    .summaryTable th {\n        padding-right: 10px\n    }\n</style>\n@{variables('txtEmailSubmitterBody')}\n<div style=\"margin:15px 0px\"><hr class=\"summaryDivider\"/></div>\n<p class=\"summaryTxt\"><a href=\"@{variables('txtSiteURL')}/DispForm.aspx?ID=\">Review the full submission details</a></p>",
              "emailMessage/ReplyTo": "@variables('txtEmailApproverAddresses')",
              "emailMessage/Importance": "Normal"
            },
            "authentication": {
              "type": "Raw",
              "value": "@json(decodeBase64(triggerOutputs().headers['X-MS-APIM-Tokens']))['$ConnectionKey']"
            }
          }
        },
        "Reset_inheritance_on_the_submission": {
          "runAfter": {
            "Switch_the_content_type_to_the_stage_2_content_type": [
              "Succeeded"
            ]
          },
          "metadata": {
            "operationMetadataId": "5ac21558-4d28-4911-8751-02c12de37ed3"
          },
          "type": "OpenApiConnection",
          "inputs": {
            "host": {
              "connectionName": "shared_sharepointonline",
              "operationId": "HttpRequest",
              "apiId": "/providers/Microsoft.PowerApps/apis/shared_sharepointonline"
            },
            "parameters": {
              "dataset": "@variables('txtSiteURL')",
              "parameters/method": "POST",
              "parameters/uri": "/_api/web/Lists('@{variables('txtListGuid')}')/items(@{variables('intItemID')})/ResetRoleInheritance()",
              "parameters/headers": {
                "content-type": "application/json;odata=verbose",
                "accept": "application/json;odata=verbose"
              }
            },
            "authentication": {
              "type": "Raw",
              "value": "@json(decodeBase64(triggerOutputs().headers['X-MS-APIM-Tokens']))['$ConnectionKey']"
            }
          }
        },
        "Break_inheritance_on_the_submission_and_remove_all_the_permissions": {
          "runAfter": {
            "Reset_inheritance_on_the_submission": [
              "Succeeded"
            ]
          },
          "metadata": {
            "operationMetadataId": "c2962875-eac5-4d9b-a8ae-37fdf1e19835"
          },
          "type": "OpenApiConnection",
          "inputs": {
            "host": {
              "connectionName": "shared_sharepointonline",
              "operationId": "HttpRequest",
              "apiId": "/providers/Microsoft.PowerApps/apis/shared_sharepointonline"
            },
            "parameters": {
              "dataset": "@variables('txtSiteURL')",
              "parameters/method": "POST",
              "parameters/uri": "/_api/web/Lists('@{variables('txtListGuid')}')/items(@{variables('intItemID')})/BreakRoleInheritance(copyRoleAssignments=false,clearSubscopes=true)",
              "parameters/headers": {
                "content-type": "application/json;odata=verbose",
                "accept": "application/json;odata=verbose"
              }
            },
            "authentication": {
              "type": "Raw",
              "value": "@json(decodeBase64(triggerOutputs().headers['X-MS-APIM-Tokens']))['$ConnectionKey']"
            }
          }
        },
        "Give_back_the_SharePoint_site_owners_group_full_control_": {
          "runAfter": {
            "Break_inheritance_on_the_submission_and_remove_all_the_permissions": [
              "Succeeded"
            ]
          },
          "metadata": {
            "operationMetadataId": "a329e0e1-069b-49e5-a9f0-3579b822f871"
          },
          "type": "OpenApiConnection",
          "inputs": {
            "host": {
              "connectionName": "shared_sharepointonline",
              "operationId": "HttpRequest",
              "apiId": "/providers/Microsoft.PowerApps/apis/shared_sharepointonline"
            },
            "parameters": {
              "dataset": "@variables('txtSiteURL')",
              "parameters/method": "POST",
              "parameters/uri": "/_api/web/Lists('@{variables('txtListGuid')}')/items(@{variables('intItemID')})/roleAssignments/AddRoleAssignment(PrincipalId=@{variables('intSPGroupSiteOwnerID')}, roleDefId=1073741829)",
              "parameters/headers": {
                "content-type": "application/json;odata=verbose",
                "accept": "application/json;odata=verbose"
              }
            },
            "authentication": {
              "type": "Raw",
              "value": "@json(decodeBase64(triggerOutputs().headers['X-MS-APIM-Tokens']))['$ConnectionKey']"
            }
          }
        },
        "Give_back_the_SharePoint_approvers_group_edit_permissions": {
          "runAfter": {
            "Give_back_the_SharePoint_site_owners_group_full_control_": [
              "Succeeded"
            ]
          },
          "metadata": {
            "operationMetadataId": "fed44818-d27c-4eb1-8c8f-7cf03f315b40"
          },
          "type": "OpenApiConnection",
          "inputs": {
            "host": {
              "connectionName": "shared_sharepointonline",
              "operationId": "HttpRequest",
              "apiId": "/providers/Microsoft.PowerApps/apis/shared_sharepointonline"
            },
            "parameters": {
              "dataset": "@variables('txtSiteURL')",
              "parameters/method": "POST",
              "parameters/uri": "/_api/web/Lists('@{variables('txtListGuid')}')/items(@{variables('intItemID')})/roleAssignments/AddRoleAssignment(PrincipalId=@{variables('intSPGroupSiteApproversID')}, roleDefId=1073741830)",
              "parameters/headers": {
                "content-type": "application/json;odata=verbose",
                "accept": "application/json;odata=verbose"
              }
            },
            "authentication": {
              "type": "Raw",
              "value": "@json(decodeBase64(triggerOutputs().headers['X-MS-APIM-Tokens']))['$ConnectionKey']"
            }
          }
        },
        "Grant_the_submitter_rights_to_edit_this_submission": {
          "runAfter": {
            "Give_back_the_SharePoint_approvers_group_edit_permissions": [
              "Succeeded"
            ]
          },
          "metadata": {
            "operationMetadataId": "8bd7bbea-bdc6-47f7-8af3-37a55f751ffd"
          },
          "type": "OpenApiConnection",
          "inputs": {
            "host": {
              "connectionName": "shared_sharepointonline",
              "operationId": "GrantAccess",
              "apiId": "/providers/Microsoft.PowerApps/apis/shared_sharepointonline"
            },
            "parameters": {
              "dataset": "@variables('txtSiteURL')",
              "table": "@variables('txtListGuid')",
              "id": "@variables('intItemID')",
              "parameter/recipients": "@null",
              "parameter/roleValue": "role:1073741827",
              "parameter/sendEmail": false
            },
            "authentication": {
              "type": "Raw",
              "value": "@json(decodeBase64(triggerOutputs().headers['X-MS-APIM-Tokens']))['$ConnectionKey']"
            }
          }
        },
        "Switch_the_content_type_to_the_stage_2_content_type": {
          "runAfter": {
            "Is_this_a_content_or_event_submission": [
              "Succeeded"
            ]
          },
          "metadata": {
            "operationMetadataId": "945c4b85-382c-4b02-90f2-3f8d22066211"
          },
          "type": "OpenApiConnection",
          "inputs": {
            "host": {
              "connectionName": "shared_sharepointonline",
              "operationId": "HttpRequest",
              "apiId": "/providers/Microsoft.PowerApps/apis/shared_sharepointonline"
            },
            "parameters": {
              "dataset": "@variables('txtSiteURL')",
              "parameters/method": "PATCH",
              "parameters/uri": "/_api/web/Lists('@{variables('txtListGuid')}')/items(@{variables('intItemID')})",
              "parameters/headers": {
                "content-type": "application/json;odata=verbose",
                "If-Match": "*"
              },
              "parameters/body": "{\n    \"__metadata\": {\n        \"type\": \"@{variables('txtListItemEntityTypeFullName')}\"\n    },\n    'ContentTypeId': '@{variables('txtContentTypeID')}'\n}"
            },
            "authentication": {
              "type": "Raw",
              "value": "@json(decodeBase64(triggerOutputs().headers['X-MS-APIM-Tokens']))['$ConnectionKey']"
            }
          }
        },
        "Initialize_txtEmailApproverBody": {
          "runAfter": {
            "Initialize_txtContentTypeID": [
              "Succeeded"
            ]
          },
          "metadata": {
            "operationMetadataId": "03bca2ef-4185-4333-87b7-846babbb14c3"
          },
          "type": "InitializeVariable",
          "inputs": {
            "variables": [
              {
                "name": "txtEmailApproverBody",
                "type": "string"
              }
            ]
          }
        },
        "Initialize_txtEmailSubmitterBody": {
          "runAfter": {
            "Initialize_txtEmailApproverAddresses": [
              "Succeeded"
            ]
          },
          "metadata": {
            "operationMetadataId": "b72a4ace-b111-4fa4-acff-318f33a7fcaf"
          },
          "type": "InitializeVariable",
          "inputs": {
            "variables": [
              {
                "name": "txtEmailSubmitterBody",
                "type": "string"
              }
            ]
          }
        },
        "Get_submitters_profile": {
          "runAfter": {
            "Remove_the_last_comma_from_the_txtContentRelatedTo_string": [
              "Succeeded"
            ]
          },
          "metadata": {
            "operationMetadataId": "29763c7d-d3ac-4cb7-ae32-7c00a81f74ca"
          },
          "type": "OpenApiConnection",
          "inputs": {
            "host": {
              "connectionName": "shared_office365users",
              "operationId": "UserProfile_V2",
              "apiId": "/providers/Microsoft.PowerApps/apis/shared_office365users"
            },
            "parameters": {
              "id": "@null"
            },
            "authentication": {
              "type": "Raw",
              "value": "@json(decodeBase64(triggerOutputs().headers['X-MS-APIM-Tokens']))['$ConnectionKey']"
            }
          }
        },
        "Initialize_txtEmailSubjectLine": {
          "runAfter": {
            "Initialize_txtEmailSubmitterBody": [
              "Succeeded"
            ]
          },
          "metadata": {
            "operationMetadataId": "b09d3255-ed6e-4696-a204-8926dcdc059e"
          },
          "type": "InitializeVariable",
          "inputs": {
            "variables": [
              {
                "name": "txtEmailSubjectLine",
                "type": "string"
              }
            ]
          }
        },
        "Initialize_txtEmailContentTeamAddresses": {
          "runAfter": {
            "Initialize_txtEmailApproverBody": [
              "Succeeded"
            ]
          },
          "metadata": {
            "operationMetadataId": "aba8fcc5-e016-4d78-af9b-f607334796cc"
          },
          "type": "InitializeVariable",
          "inputs": {
            "variables": [
              {
                "name": "txtEmailContentTeamAddresses",
                "type": "string"
              }
            ]
          }
        },
        "Initialize_txtEmailInternalCommsTeamAddresses": {
          "runAfter": {
            "Initialize_txtEmailContentTeamAddresses": [
              "Succeeded"
            ]
          },
          "metadata": {
            "operationMetadataId": "aba8fcc5-e016-4d78-af9b-f607334796cc"
          },
          "type": "InitializeVariable",
          "inputs": {
            "variables": [
              {
                "name": "txtEmailInternalCommsTeamAddresses",
                "type": "string"
              }
            ]
          }
        },
        "Initialize_txtEmailApproverAddresses": {
          "runAfter": {
            "Initialize_txtEmailInternalCommsTeamAddresses": [
              "Succeeded"
            ]
          },
          "metadata": {
            "operationMetadataId": "aba8fcc5-e016-4d78-af9b-f607334796cc"
          },
          "type": "InitializeVariable",
          "inputs": {
            "variables": [
              {
                "name": "txtEmailApproverAddresses",
                "type": "string"
              }
            ]
          }
        },
        "Return_an_OK_status_to_the_parent": {
          "runAfter": {
            "Send_a_notification_email_to_the_approvers": [
              "Succeeded"
            ],
            "Send_a_confirmation_email_to_the_submitter": [
              "Succeeded"
            ]
          },
          "metadata": {
            "operationMetadataId": "bbf47949-de76-4a01-aab2-02db1c291ab9"
          },
          "type": "Response",
          "kind": "PowerApp",
          "inputs": {
            "statusCode": 200,
            "body": {
              "status": "200"
            },
            "schema": {
              "type": "object",
              "properties": {
                "status": {
                  "title": "Status",
                  "x-ms-dynamically-added": true,
                  "type": "string"
                }
              }
            }
          }
        },
        "Parse_Configuration": {
          "runAfter": {
            "Initialize_txtSiteURL": [
              "Succeeded"
            ]
          },
          "metadata": {
            "operationMetadataId": "0607535e-fd33-436f-a134-4db0d52cb462"
          },
          "type": "ParseJson",
          "inputs": {
            "content": "@triggerBody()['text']",
            "schema": {
              "type": "object",
              "properties": {
                "Abbreviation": {
                  "type": "string"
                },
                "EmailAddresses": {
                  "type": "object",
                  "properties": {
                    "ContentTeam": {
                      "type": "string"
                    },
                    "InternalCommsTeam": {
                      "type": "string"
                    }
                  }
                },
                "SPPermissions": {
                  "type": "object",
                  "properties": {
                    "GroupApproverID": {
                      "type": "string"
                    },
                    "GroupSiteOwnerID": {
                      "type": "string"
                    }
                  }
                }
              }
            }
          }
        },
        "Set_intSPGroupApproversID": {
          "runAfter": {
            "Parse_Configuration": [
              "Succeeded"
            ]
          },
          "metadata": {
            "operationMetadataId": "8b7ceedb-8fb7-4535-a221-ad9b8a404d8a"
          },
          "type": "SetVariable",
          "inputs": {
            "name": "intSPGroupSiteApproversID",
            "value": "@int(body('Parse_Configuration')?['SPPermissions']?['GroupApproverID'])"
          }
        },
        "Set_intSPGroupSiteOwnerID": {
          "runAfter": {
            "Set_intSPGroupApproversID": [
              "Succeeded"
            ]
          },
          "metadata": {
            "operationMetadataId": "5d64c62b-d1a4-4878-8fa3-fd48922bc9b1"
          },
          "type": "SetVariable",
          "inputs": {
            "name": "intSPGroupSiteOwnerID",
            "value": "@int(body('Parse_Configuration')?['SPPermissions']?['GroupApproverID'])"
          }
        },
        "Get_the_Submission": {
          "runAfter": {
            "Set_intSPGroupSiteOwnerID": [
              "Succeeded"
            ]
          },
          "metadata": {
            "operationMetadataId": "21faf7b0-3c9b-46d6-8679-e3d429151935"
          },
          "type": "OpenApiConnection",
          "inputs": {
            "host": {
              "connectionName": "shared_sharepointonline",
              "operationId": "GetItem",
              "apiId": "/providers/Microsoft.PowerApps/apis/shared_sharepointonline"
            },
            "parameters": {
              "dataset": "@variables('txtSiteURL')",
              "table": "@variables('txtListGuid')",
              "id": "@variables('intItemID')"
            },
            "authentication": {
              "type": "Raw",
              "value": "@json(decodeBase64(triggerOutputs().headers['X-MS-APIM-Tokens']))['$ConnectionKey']"
            }
          }
        },
        "Initialize_intItemID": {
          "runAfter": {},
          "metadata": {
            "operationMetadataId": "6bb6d3a3-abd2-409c-9880-831da806e9a4"
          },
          "type": "InitializeVariable",
          "inputs": {
            "variables": [
              {
                "name": "intItemID",
                "type": "integer",
                "value": "@triggerBody()['number']"
              }
            ]
          }
        },
        "Terminate": {
          "runAfter": {
            "Find_the_list_title_of_our_submission_list": [
              "Succeeded"
            ]
          },
          "metadata": {
            "operationMetadataId": "c5bc4e2a-344f-44a9-8c48-9a51a2227c97"
          },
          "type": "Terminate",
          "inputs": {
            "runStatus": "Succeeded"
          }
        },
        "Initialize_txtContentTypeID": {
          "runAfter": {
            "Initialize_txtContentRelatedTo": [
              "Succeeded"
            ]
          },
          "metadata": {
            "operationMetadataId": "13dc7bbb-544f-488b-b3d2-55160d518c1f"
          },
          "type": "InitializeVariable",
          "inputs": {
            "variables": [
              {
                "name": "txtContentTypeID",
                "type": "string"
              }
            ]
          }
        },
        "Initialize_txtInternalListName": {
          "runAfter": {
            "Initialize_txtEmailSubjectLine": [
              "Succeeded"
            ]
          },
          "metadata": {
            "operationMetadataId": "32d16caa-b3d1-4f20-bcbc-717ebcb00bb9"
          },
          "type": "InitializeVariable",
          "inputs": {
            "variables": [
              {
                "name": "txtListItemEntityTypeFullName",
                "type": "string"
              }
            ]
          }
        },
        "Get_lists": {
          "runAfter": {
            "Get_the_Submission": [
              "Succeeded"
            ]
          },
          "metadata": {
            "operationMetadataId": "b541337c-c1d1-4e66-8884-108edd950f6c"
          },
          "type": "OpenApiConnection",
          "inputs": {
            "host": {
              "connectionName": "shared_sharepointonline",
              "operationId": "GetTables",
              "apiId": "/providers/Microsoft.PowerApps/apis/shared_sharepointonline"
            },
            "parameters": {
              "dataset": "@variables('txtSiteURL')"
            },
            "authentication": {
              "type": "Raw",
              "value": "@json(decodeBase64(triggerOutputs().headers['X-MS-APIM-Tokens']))['$ConnectionKey']"
            }
          }
        },
        "Find_the_list_title_of_our_submission_list": {
          "foreach": "@outputs('Get_lists')?['body/value']",
          "actions": {
            "Condition": {
              "actions": {
                "Set_the_txtListName_variable_to_the_list_title": {
                  "runAfter": {},
                  "metadata": {
                    "operationMetadataId": "8c7d41f9-be6e-42a1-88ce-686aa7c2259c"
                  },
                  "type": "SetVariable",
                  "inputs": {
                    "name": "txtListItemEntityTypeFullName",
                    "value": "@items('Find_the_list_title_of_our_submission_list')?['Name']"
                  }
                }
              },
              "runAfter": {},
              "expression": {
                "equals": [
                  "@items('Find_the_list_title_of_our_submission_list')?['Name']",
                  "@variables('txtListGuid')"
                ]
              },
              "metadata": {
                "operationMetadataId": "ec1dfb6a-55b3-445b-862c-4eefe1754fb4"
              },
              "type": "If"
            }
          },
          "runAfter": {
            "Get_lists": [
              "Succeeded"
            ]
          },
          "metadata": {
            "operationMetadataId": "4c02d2a1-366f-4618-8a27-ff3d8af5a13a"
          },
          "type": "Foreach"
        }
      }
    },
    "templateName": ""
  },
  "schemaVersion": "1.0.0.0"
}