{
  "properties": {
    "connectionReferences": {
      "shared_sharepointonline-3": {
        "runtimeSource": "embedded",
        "connection": {
          "connectionReferenceLogicalName": "cr541_sharedsharepointonline_55552"
        },
        "api": {
          "name": "shared_sharepointonline"
        }
      }
    },
    "definition": {
      "$schema": "https://schema.management.azure.com/providers/Microsoft.Logic/schemas/2016-06-01/workflowdefinition.json#",
      "contentVersion": "1.0.0.0",
      "parameters": {
        "$connections": {
          "defaultValue": {},
          "type": "Object"
        },
        "$authentication": {
          "defaultValue": {},
          "type": "SecureObject"
        },
        "DefraIntranet_DataSource_SPSite (cr541_DefraIntranet_DataSource_SPSite)": {
          "defaultValue": "https://buckinghamdevelopment.sharepoint.com/sites/DefraIntranet",
          "type": "String",
          "metadata": {
            "schemaName": "cr541_DefraIntranet_DataSource_SPSite"
          }
        },
        "DefraIntranet_DataSource_List_ICICS (cr541_DefraIntranet_DataSource_List_ICICS)": {
          "defaultValue": "f94a9f54-fad6-4c18-89ac-be5acc90a4a9",
          "type": "String",
          "metadata": {
            "schemaName": "cr541_DefraIntranet_DataSource_List_ICICS"
          }
        }
      },
      "triggers": {
        "When_a_new_content_submission_is_created": {
          "recurrence": {
            "interval": 5,
            "frequency": "Minute"
          },
          "splitOn": "@triggerOutputs()?['body/value']",
          "metadata": {
            "operationMetadataId": "1a49a5dc-3b8e-4aa9-8557-a33a5122e9a2"
          },
          "type": "OpenApiConnection",
          "inputs": {
            "host": {
              "connectionName": "shared_sharepointonline-3",
              "operationId": "GetOnNewItems",
              "apiId": "/providers/Microsoft.PowerApps/apis/shared_sharepointonline"
            },
            "parameters": {
              "dataset": "@parameters('DefraIntranet_DataSource_SPSite (cr541_DefraIntranet_DataSource_SPSite)')",
              "table": "@parameters('DefraIntranet_DataSource_List_ICICS (cr541_DefraIntranet_DataSource_List_ICICS)')"
            },
            "authentication": "@parameters('$authentication')"
          }
        }
      },
      "actions": {
        "Run_a_Child_Flow": {
          "runAfter": {},
          "metadata": {
            "operationMetadataId": "99a84bda-5b2c-475b-8ca3-7611a1962923"
          },
          "type": "Workflow",
          "inputs": {
            "host": {
              "workflowReferenceName": "b81c49e2-8089-ee11-8179-000d3ab696be"
            },
            "body": {
              "text": "@null",
              "number": "@triggerBody()?['ID']",
              "text_1": "@parameters('DefraIntranet_DataSource_List_ICICS (cr541_DefraIntranet_DataSource_List_ICICS)')",
              "text_2": "@parameters('DefraIntranet_DataSource_SPSite (cr541_DefraIntranet_DataSource_SPSite)')"
            }
          }
        }
      }
    },
    "templateName": ""
  },
  "schemaVersion": "1.0.0.0"
}